drug,median_score,mean_score,min_score,max_score,std_score,n_signatures,n_cell_lines,frac_negative,moa,target,pval_reversal,fdr_reversal,pval_mimicking,fdr_mimicking
tribenoside,-0.12883837521076202,-0.12883837521076202,-0.18293851613998413,-0.07473823428153992,0.05410014092922211,2,2,1.0,,,0.0163,0.416465,0.9837,1.0
NVP-AUY922,-0.12713125348091125,-0.11499943137168885,-0.22483474016189575,0.08899039030075073,0.08232460709510026,10,10,0.9,HSP inhibitor,HSP90AA1,0.0001,0.01022,1.0,1.0
A-443654,-0.1267290711402893,-0.11830202693288977,-0.18599611520767212,0.04239167273044586,0.05594928773113278,11,11,0.9090909090909091,,,0.0001,0.01022,1.0,1.0
PIK-75,-0.12276676297187805,-0.10484957695007324,-0.1746852695941925,0.08027338981628418,0.07106764939549072,9,9,0.8888888888888888,PI3K inhibitor,PIK3CA,0.0001,0.01022,0.9999,1.0
apigenin,-0.12103995680809021,-0.052560588488212,-0.15262165665626526,0.10190021991729736,0.10151792737045731,13,13,0.6153846153846154,,,0.0001,0.01022,1.0,1.0
androstanol,-0.11238348484039307,-0.11238348484039307,-0.11238348484039307,-0.11238348484039307,0.0,1,1,1.0,,,0.1095,0.7771458333333334,0.8909,1.0
carbidopa,-0.11183260381221771,-0.11183260381221771,-0.17510640621185303,-0.0485588014125824,0.06327380239963531,2,2,1.0,Aromatic L-amino acid decarboxylase inhibitor,DDC,0.0397,0.6162058823529412,0.9603,1.0
progesterone,-0.1116020679473877,-0.08165703548325433,-0.17968600988388062,0.09134000539779663,0.08871644220024354,9,9,0.7777777777777778,Progesterone receptor agonist,CYP17A1,0.0009,0.07665,0.9991,1.0
mephentermine,-0.11156058311462402,-0.11156058311462402,-0.1598125696182251,-0.06330859661102295,0.048251986503601074,2,2,1.0,,,0.0406,0.6162058823529412,0.9594,1.0
demeclocycline,-0.1113479733467102,-0.1113479733467102,-0.11765235662460327,-0.10504359006881714,0.006304383277893066,2,2,1.0,,,0.041,0.6162058823529412,0.959,1.0
staurosporine,-0.11036792397499084,-0.12130554765462875,-0.15968608856201172,-0.09933936595916748,0.023256663563214312,8,8,1.0,PKC inhibitor,CDK2,0.0017,0.12409999999999999,0.9983,1.0
sulmazole,-0.11029917001724243,-0.10939810872077942,-0.16249355673789978,-0.05403709411621094,0.03431633395475539,5,5,1.0,,,0.0122,0.36671764705882354,0.9878,1.0
hydralazine,-0.1091802567243576,-0.1091802567243576,-0.1096305251121521,-0.10872998833656311,0.00045026838779449463,2,2,1.0,,,0.0455,0.6172342105263159,0.9545,1.0
celastrol,-0.1088661402463913,-0.05290568868319193,-0.17197954654693604,0.17134392261505127,0.12049244140148722,6,6,0.6666666666666666,,,0.0048,0.22298181818181817,0.9952,1.0
tanespimycin,-0.1067965179681778,-0.1006730622366855,-0.1943034529685974,0.07709062099456787,0.05945681092348257,19,19,0.9473684210526315,HSP inhibitor,HSP90AA1,0.0001,0.01022,1.0,1.0
QL-X-138,-0.10489373654127121,-0.12109427650769551,-0.2181186079978943,-0.060325220227241516,0.05008639285260796,6,6,1.0,,,0.0078,0.2847,0.9922,1.0
salsolinol,-0.10441896319389343,-0.10441896319389343,-0.10441896319389343,-0.10441896319389343,0.0,1,1,1.0,,,0.1442,0.8986121951219512,0.8561,1.0
guanethidine,-0.10429109632968903,-0.10429109632968903,-0.11312636733055115,-0.0954558253288269,0.008835271000862122,2,2,1.0,,,0.0564,0.6862,0.9436,1.0
cefuroxime,-0.103644460439682,-0.1045999825000763,-0.14878123998641968,-0.0613742470741272,0.035690151482804626,3,3,1.0,,,0.0545,0.6792560975609756,0.9456,1.0
levonorgestrel,-0.10351428389549255,-0.09739189488547188,-0.13618671894073486,-0.054217204451560974,0.02404185476831731,7,7,1.0,Estrogen receptor agonist,PGR,0.009,0.30659999999999993,0.9912,1.0
ampicillin,-0.09994065761566162,-0.04507844646771749,-0.12313202023506165,0.0878373384475708,0.09446132977669226,3,3,0.6666666666666666,,,0.0656,0.7449244444444444,0.9346,1.0
dactinomycin,-0.09972935914993286,-0.07189336253537072,-0.13564729690551758,0.08219586312770844,0.06000164747689741,9,9,0.8888888888888888,RNA polymerase inhibitor,POLR2A,0.0059,0.2319153846153846,0.9941,1.0
geldanamycin,-0.09965372085571289,-0.06245794214985587,-0.2286188006401062,0.10917088389396667,0.1072562065842378,11,11,0.6363636363636364,HSP inhibitor,HSP90AA1,0.0031,0.19801249999999998,0.9969,1.0
flucloxacillin,-0.0989144891500473,-0.0989144891500473,-0.14533355832099915,-0.05249541997909546,0.04641906917095184,2,2,1.0,,,0.0708,0.7771458333333334,0.9292,1.0
U-0126,-0.0945553183555603,-0.08718361017795709,-0.17669758200645447,0.08281457424163818,0.07865849583407457,13,13,0.8461538461538461,MEK inhibitor,MAP2K1,0.0037,0.21007777777777778,0.9963,1.0
levcromakalim,-0.09413734078407288,-0.06510740220546722,-0.11332482099533081,0.06985890865325928,0.06860112475673333,5,5,0.8,Potassium channel activator,KCNJ8,0.0434,0.6172342105263159,0.9567,1.0
GDC-0980,-0.09369513392448425,-0.11403557658195496,-0.15371698141098022,-0.08579021692276001,0.0286893771884731,5,5,1.0,MTOR inhibitor,MTOR,0.0455,0.6172342105263159,0.9546,1.0
dolasetron,-0.0933229923248291,-0.060369211435317996,-0.12729281187057495,0.07060818374156952,0.07056755617727158,5,5,0.8,Serotonin receptor antagonist,HTR3A,0.0459,0.6172342105263159,0.9542,1.0
lestaurtinib,-0.09181869029998779,-0.09333284199237823,-0.13466700911521912,-0.04145127534866333,0.02955495561038697,6,6,1.0,JAK inhibitor,FLT3,0.0304,0.597476923076923,0.9696,1.0
indirubin,-0.09109920263290405,-0.03183065541088581,-0.15430450439453125,0.1633051633834839,0.11489114959065928,8,8,0.625,CDK inhibitor,CDK5,0.0181,0.4204136363636364,0.9819,1.0
sildenafil,-0.09069520235061646,-0.06509466022253037,-0.15993493795394897,0.10256153345108032,0.0804899501034319,10,10,0.8,Phosphodiesterase inhibitor,PDE5A,0.0112,0.3577,0.9888,1.0
noretynodrel,-0.08932584524154663,-0.06119811805811795,-0.1129961609840393,0.0816124677658081,0.06667683026142252,11,11,0.8181818181818182,Progestogen hormone,PGR,0.0145,0.40342105263157896,0.9855,1.0
dinoprost,-0.08869501948356628,-0.08869501948356628,-0.1404629349708557,-0.036927103996276855,0.05176791548728943,2,2,1.0,Prostacyclin analog,PTGDR,0.1082,0.7771458333333334,0.8918,1.0
ibutilide,-0.08853692561388016,-0.08853692561388016,-0.11112363636493683,-0.06595021486282349,0.02258671075105667,2,2,1.0,Potassium channel blocker,KCNH2,0.1088,0.7771458333333334,0.8912,1.0
tramadol,-0.08769941329956055,-0.08289943635463715,-0.1835910677909851,0.07527899742126465,0.06397915958321786,9,9,0.8888888888888888,Opioid receptor agonist,OPRM1,0.0258,0.527352,0.9744,1.0
HG-6-64-01,-0.0871744267642498,-0.030532985180616378,-0.1798812747001648,0.12401193380355835,0.10909340021529104,10,10,0.6,,,0.018,0.4204136363636364,0.982,1.0
orciprenaline,-0.08691412210464478,-0.08691412210464478,-0.0939517617225647,-0.07987648248672485,0.007037639617919922,2,2,1.0,Adrenergic receptor agonist,ADRB2,0.1146,0.780808,0.8854,1.0
cabergoline,-0.08612726628780365,-0.04460371732711792,-0.12361776828765869,0.12503021955490112,0.08780410731856596,10,10,0.7,Dopamine receptor agonist,ADRA1A,0.0201,0.44656956521739133,0.9799,1.0
montelukast,-0.0840047299861908,-0.0506662850578626,-0.20384261012077332,0.09772300720214844,0.10412429714103814,6,6,0.6666666666666666,Leukotriene receptor antagonist,CYSLTR1,0.0594,0.6944954545454546,0.9406,1.0
fludarabine,-0.08391787111759186,-0.05040258293350538,-0.12424659729003906,0.11547505855560303,0.0827052409542762,12,12,0.75,DNA synthesis inhibitor,RRM1,0.015,0.40342105263157896,0.985,1.0
AZD-7762,-0.08365735411643982,-0.06445481549752385,-0.15997028350830078,0.10686436295509338,0.07193915971046849,19,19,0.8421052631578947,CHK inhibitor,CHEK1,0.0056,0.2319153846153846,0.9944,1.0
atovaquone,-0.08355832099914551,-0.06128997802734375,-0.10399320721626282,0.04280689358711243,0.054620087583388925,5,5,0.8,,,0.0856,0.7771458333333334,0.9148,1.0
oxiconazole,-0.0831972062587738,-0.05530746467411518,-0.11579859256744385,0.06096314638853073,0.06927210628812598,4,4,0.75,,,0.0911,0.7771458333333334,0.9089,1.0
tazobactam,-0.08280380070209503,-0.08280380070209503,-0.08543410897254944,-0.08017349243164062,0.0026303082704544067,2,2,1.0,,,0.1299,0.8402392405063289,0.8701,1.0
austricine,-0.08224399387836456,-0.06284037977457047,-0.1376880407333374,0.05081450939178467,0.0709516761419888,4,4,0.75,,,0.0965,0.7771458333333334,0.9035,1.0
GSK-1059615,-0.0813746303319931,-0.07247670704410189,-0.17768198251724243,0.07216954976320267,0.05948247790206295,21,21,0.8571428571428571,,,0.0048,0.22298181818181817,0.9952,1.0
apicidin,-0.08098028600215912,-0.08098028600215912,-0.0932849645614624,-0.06867560744285583,0.012304678559303284,2,2,1.0,HDAC inhibitor,HDAC6,0.1384,0.8840299999999999,0.8616,1.0
naproxen,-0.08068764209747314,-0.06326477655342647,-0.11998867988586426,0.05109447240829468,0.054404936422880766,7,7,0.8571428571428571,Cyclooxygenase inhibitor,PTGS1,0.0725,0.7771458333333334,0.9276,1.0
triamcinolone,-0.08067872747778893,-0.025435700081288815,-0.10859620571136475,0.1177220344543457,0.08835870432920656,8,8,0.625,Glucocorticoid receptor agonist,NR3C1,0.0506,0.6476925,0.9494,1.0
vecuronium,-0.08062374219298363,-0.05722303595393896,-0.12428736686706543,0.06392136216163635,0.06649028503441066,8,8,0.75,Acetylcholine receptor antagonist,CHRNA2,0.0507,0.6476925,0.9493,1.0
GW-441756,-0.0804138034582138,-0.037667371332645416,-0.16850072145462036,0.15949320793151855,0.10340172920291638,12,12,0.5833333333333334,Growth factor receptor inhibitor,NTRK1,0.0232,0.49396666666666667,0.9768,1.0
brefeldin-a,-0.08030268549919128,-0.0810934142632918,-0.19117611646652222,0.05534005165100098,0.057824058050974896,11,11,0.9090909090909091,,,0.0374,0.6162058823529412,0.9628,1.0
alfaxalone,-0.07933253049850464,-0.07933253049850464,-0.07933253049850464,-0.07933253049850464,0.0,1,1,1.0,GABA receptor agonist,GABBR1,0.2635,0.9770319999999999,0.7366,0.9881528350515464
cortisone-acetate,-0.0792161226272583,-0.016562036105564663,-0.12854576110839844,0.15624713897705078,0.10016025722741216,7,7,0.5714285714285714,Glucocorticoid receptor agonist,NR3C1,0.0819,0.7771458333333334,0.9184,1.0
galantamine,-0.07877844572067261,-0.05946593838078635,-0.1094312071800232,0.07402557134628296,0.057906030912979904,7,7,0.8571428571428571,Acetylcholinesterase inhibitor,ACHE,0.0842,0.7771458333333334,0.9158,1.0
benzatropine,-0.07794570922851562,-0.07794570922851562,-0.07794570922851562,-0.07794570922851562,0.0,1,1,1.0,Acetylcholine receptor antagonist,CHRM1,0.2734,0.9770319999999999,0.7268,0.9881528350515464
XMD-16144,-0.077877938747406,-0.06127066612243652,-0.1285141408443451,0.055614084005355835,0.061846232690727906,5,5,0.8,,,0.1202,0.8081868421052633,0.8802,1.0
flunisolide,-0.077877938747406,-0.03954320649305979,-0.14373186230659485,0.1473207175731659,0.09391933606851333,12,12,0.6666666666666666,Cytochrome P450 inhibitor,NR3C1,0.0319,0.603737037037037,0.9681,1.0
PD-0325901,-0.07775187492370605,-0.08189611767347042,-0.21165403723716736,0.050045445561409,0.07195494279863436,13,13,0.8461538461538461,MEK inhibitor,MAP2K1,0.0356,0.6162058823529412,0.9644,1.0
CNQX,-0.07768291234970093,-0.04892579714457194,-0.10389882326126099,0.1005372703075409,0.06917205257991367,6,6,0.8333333333333334,Glutamate receptor antagonist,GRIA1,0.0912,0.7771458333333334,0.9088,1.0
gestrinone,-0.07669463753700256,-0.08054459591706593,-0.12202528119087219,-0.048582613468170166,0.02811732865339927,6,6,1.0,Progesterone receptor antagonist,ESR1,0.0964,0.7771458333333334,0.9036,1.0
isradipine,-0.0760374516248703,-0.0621359007699149,-0.1180991530418396,0.05604207515716553,0.053878245072860265,7,7,0.8571428571428571,Calcium channel blocker,CACNA1C,0.1015,0.7771458333333334,0.8987,1.0
OBAA,-0.07592198252677917,-0.06317623828848203,-0.14839035272598267,0.13314874470233917,0.0800230594139937,12,12,0.8333333333333334,Phospholipase inhibitor,PLA2G1B,0.0401,0.6162058823529412,0.9599,1.0
methylprednisolone,-0.07536056637763977,-0.025012870629628498,-0.12455224990844727,0.1657908856868744,0.10743521409897007,6,6,0.6666666666666666,Glucocorticoid receptor agonist,NR3C1,0.1055,0.7771458333333334,0.8945,1.0
cilastatin,-0.07517540454864502,-0.025955256606851305,-0.1258367896080017,0.10602432489395142,0.08479523096751469,7,7,0.5714285714285714,Dehydropeptidase inhibitor,DPEP1,0.1056,0.7771458333333334,0.8946,1.0
ascorbic-acid,-0.0748559832572937,-0.0668792724609375,-0.07665294408798218,-0.04912889003753662,0.012572836439178215,3,3,1.0,Antioxidant,SLC23A1,0.1985,0.9742429906542056,0.8018,1.0
SB-366791,-0.07442498207092285,-0.07442498207092285,-0.11732697486877441,-0.03152298927307129,0.04290199279785156,2,2,1.0,TRPV antagonist,TRPV1,0.1664,0.9420173913043478,0.8336,1.0
SB-205607,-0.07435053586959839,-0.0189850814640522,-0.09473222494125366,0.13892996311187744,0.08541627999913101,8,8,0.625,Delta 1 opioid receptor agonist,OPRD1,0.0852,0.7771458333333334,0.9148,1.0
halcinonide,-0.07403887808322906,-0.056185836593310036,-0.13686910271644592,0.136276513338089,0.09120268540512946,6,6,0.8333333333333334,Glucocorticoid receptor agonist,NR3C1,0.1143,0.780808,0.8857,1.0
fluocinolone-acetonide,-0.0738106518983841,-0.024006845695631846,-0.121074378490448,0.09576886892318726,0.08316111248964088,7,7,0.5714285714285714,Corticosteroid agonist,NR3C1,0.1144,0.780808,0.8859,1.0
BH3I-1,-0.07336543500423431,-0.0322281401604414,-0.1227988600730896,0.14852459728717804,0.09438377864319421,8,8,0.75,BCL inhibitor,BCL2L1,0.0922,0.7771458333333334,0.9078,1.0
curcumin,-0.07326002418994904,-0.029248653911054134,-0.1274508833885193,0.11951020359992981,0.0832500058716118,16,16,0.6875,Lipoxygenase inhibitor,PTGS1,0.0369,0.6162058823529412,0.9631,1.0
cinanserin,-0.07306364923715591,-0.040785497054457664,-0.09552091360092163,0.11951112747192383,0.07139204777653857,8,8,0.75,,,0.0938,0.7771458333333334,0.9062,1.0
tozasertib,-0.07305014133453369,-0.08798161000013352,-0.18178407847881317,-0.042649686336517334,0.04066849687008452,10,10,1.0,JAK inhibitor,FLT3,0.0748,0.7771458333333334,0.9252,1.0
temsirolimus,-0.07302379608154297,-0.05725661984511784,-0.08983778953552246,0.039831697940826416,0.040752672400323924,7,7,0.8571428571428571,MTOR inhibitor,MTOR,0.1221,0.8102999999999999,0.8783,1.0
naltrexone,-0.07299906015396118,-0.07126708577076594,-0.14515435695648193,0.061205148696899414,0.06036915664815738,9,9,0.8888888888888888,Opioid receptor antagonist,OPRD1,0.0923,0.7771458333333334,0.9077,1.0
SB-239063,-0.07233911752700806,-0.05396428114424149,-0.13353964686393738,0.10807329416275024,0.07355016255993731,12,12,0.8333333333333334,P38 MAPK inhibitor,MAPK14,0.0598,0.6944954545454546,0.9402,1.0
sulindac,-0.07223141193389893,-0.03743519385655721,-0.10191535949707031,0.06184118986129761,0.07123732382585381,3,3,0.6666666666666666,Cyclooxygenase inhibitor,AKR1B1,0.2181,0.9770319999999999,0.7822,0.9992605
exemestane,-0.07203620672225952,-0.03094791703754001,-0.12848109006881714,0.0898093581199646,0.07858319010501211,9,9,0.6666666666666666,Aromatase inhibitor,CYP19A1,0.1008,0.7771458333333334,0.8997,1.0
ceramide,-0.07069706916809082,-0.033517267022814067,-0.18256956338882446,0.16415297985076904,0.1078531341401321,7,7,0.7142857142857143,,,0.1435,0.8986121951219512,0.8568,1.0
cyclopamine,-0.06981348991394043,-0.04375651207837192,-0.1464329957962036,0.07850992679595947,0.06845391377896409,11,11,0.7272727272727273,Smoothened receptor antagonist,SMO,0.1002,0.7771458333333334,0.9003,1.0
potassium-canrenoate,-0.06967076659202576,-0.03436006481448809,-0.1121162474155426,0.08444881439208984,0.07609676385539041,12,12,0.6666666666666666,Mineralocorticoid receptor antagonist,NR3C2,0.0782,0.7771458333333334,0.9218,1.0
triptolide,-0.06946566700935364,-0.07823893427848816,-0.10975521802902222,-0.05622267723083496,0.01760789572655855,7,7,1.0,,,0.1561,0.9295606741573033,0.8442,1.0
calpeptin,-0.0692853331565857,-0.037407884001731874,-0.13553369045257568,0.06439569592475891,0.0780911335593902,10,10,0.6,,,0.1034,0.7771458333333334,0.8966,1.0
perindopril,-0.06921866536140442,-0.06921866536140442,-0.06921866536140442,-0.06921866536140442,0.0,1,1,1.0,Angiotensin converting enzyme inhibitor,ACE,0.3276,0.9770319999999999,0.6726,0.9876446327683617
JW-7-24-1,-0.06918883323669434,-0.024952882528305055,-0.12623506784439087,0.10405781865119934,0.09047416349431321,5,5,0.6,,,0.184,0.9693195876288659,0.8161,1.0
brucine,-0.06892216205596924,-0.04390197353703635,-0.1250632405281067,0.11055946350097656,0.08287588794535347,7,7,0.7142857142857143,,,0.1614,0.9295606741573033,0.839,1.0
anisomycin,-0.06855553388595581,-0.06855553388595581,-0.06855553388595581,-0.06855553388595581,0.0,1,1,1.0,,,0.3329,0.9770319999999999,0.6672,0.9876446327683617
cefotetan,-0.06847786903381348,-0.06847786903381348,-0.09088081121444702,-0.04607492685317993,0.022402942180633545,2,2,1.0,,,0.1936,0.9698980392156862,0.8064,1.0
naftifine,-0.06829291582107544,-0.06829291582107544,-0.06829291582107544,-0.06829291582107544,0.0,1,1,1.0,,,0.3349,0.9770319999999999,0.6654,0.9876446327683617
acadesine,-0.06823126971721649,-0.03572718799114227,-0.09900891780853271,0.0925627052783966,0.07682355507289142,4,4,0.75,,,0.1878,0.9698676767676768,0.8122,1.0
ICI-162846,-0.0682104304432869,-0.02578492710987727,-0.14343494176864624,0.1146840751171112,0.09382440266807425,6,6,0.6666666666666666,Histamine receptor antagonist,HRH2,0.1571,0.9295606741573033,0.8429,1.0
losartan,-0.06817150115966797,-0.026357895135879515,-0.11725866794586182,0.08772552013397217,0.08839413744802485,5,5,0.6,Angiotensin receptor antagonist,AGTR1,0.1986,0.9742429906542056,0.8021,1.0
scopolamine,-0.06806538254022598,-0.0328411211570104,-0.15234118700027466,0.11117085814476013,0.08525739548878147,12,12,0.6666666666666666,Acetylcholine receptor antagonist,CHRM1,0.0943,0.7771458333333334,0.9057,1.0
vinpocetine,-0.06800994277000427,-0.040079015928010144,-0.13359558582305908,0.1373392939567566,0.09687400543676289,12,12,0.75,Sodium channel blocker,PDE1A,0.0947,0.7771458333333334,0.9053,1.0
NSC-693868,-0.0672975480556488,-0.035682899256547294,-0.13376283645629883,0.09453612565994263,0.08124247382129646,12,12,0.5833333333333334,CDK inhibitor,CDK5,0.1019,0.7771458333333334,0.8981,1.0
enalapril,-0.06705236434936523,-0.04132485389709473,-0.15603172779083252,0.10375809669494629,0.0920985402164932,7,7,0.7142857142857143,Angiotensin converting enzyme inhibitor,ACE,0.1898,0.9698779999999999,0.8106,1.0
Y-27632,-0.06660369038581848,-0.020990290575557284,-0.09735405445098877,0.12096983194351196,0.08118193231170943,9,9,0.6666666666666666,Rho associated kinase inhibitor,ROCK1,0.1595,0.9295606741573033,0.8407,1.0
ribavirin,-0.0665922462940216,-0.0424940288066864,-0.09131389856338501,0.08518707752227783,0.05872074982064805,6,6,0.8333333333333334,Antiviral,IMPDH1,0.1696,0.9420173913043478,0.8304,1.0
emetine,-0.06648293137550354,-0.04991961419582367,-0.12823042273521423,0.1030651330947876,0.07130945315872535,10,10,0.8,Protein synthesis inhibitor,RPS2,0.1272,0.8333230769230769,0.8728,1.0
diflorasone,-0.06610232591629028,-0.06610232591629028,-0.06722009181976318,-0.06498456001281738,0.0011177659034729004,2,2,1.0,Glucocorticoid receptor agonist,NR3C1,0.2031,0.9742429906542056,0.7969,1.0
equol,-0.06607989966869354,-0.027218905587991078,-0.08939185738563538,0.1111946851015091,0.07555583793753139,6,6,0.6666666666666666,Estrogen receptor agonist,ESR1,0.1741,0.9566139784946237,0.8259,1.0
ezetimibe,-0.06521052122116089,-0.04985678621700832,-0.11682009696960449,0.07327353954315186,0.05444666020194498,7,7,0.8571428571428571,Cholesterol inhibitor,NPC1L1,0.204,0.9742429906542056,0.7966,1.0
MMPX,-0.06467707455158234,-0.036875322461128235,-0.10113352537155151,0.055184632539749146,0.06677596717217896,3,3,0.6666666666666666,,,0.2893,0.9770319999999999,0.711,0.9881528350515464
clobetasol,-0.06445388495922089,-0.04782243682579561,-0.12869787216186523,0.10386812686920166,0.07291289315260607,11,11,0.8181818181818182,Glucocorticoid receptor agonist,NR3C1,0.1597,0.9295606741573033,0.8408,1.0
afatinib,-0.06440809369087219,-0.04666984909110599,-0.1332390010356903,0.08982580900192261,0.06552318560762099,9,9,0.7777777777777778,EGFR inhibitor,EGFR,0.1821,0.9693195876288659,0.8183,1.0
SU-4312,-0.06432697176933289,-0.013622802766886625,-0.2063438892364502,0.13308410346508026,0.10190356396683327,11,11,0.5454545454545454,PDGFR inhibitor,KDR,0.1619,0.9295606741573033,0.8385,1.0
SN-38,-0.06392914056777954,-0.07169889907042186,-0.16908365488052368,0.052994489669799805,0.07199679590930723,6,6,0.8333333333333334,Topoisomerase inhibitor,TOP1,0.1934,0.9698980392156862,0.8066,1.0
hydrocortisone,-0.06371468305587769,-0.03430359624326229,-0.09069885313510895,0.09136658906936646,0.06432123019271856,8,8,0.75,Glucocorticoid receptor agonist,NR3C1,0.1764,0.9589404255319149,0.8236,1.0
physostigmine,-0.06364136934280396,-0.00758720508643559,-0.11731186509132385,0.13146592676639557,0.08865014052771816,7,7,0.5714285714285714,Cholinesterase inhibitor,ACHE,0.2245,0.9770319999999999,0.7763,0.9992173803526448
amsacrine,-0.06354743242263794,-0.001741673265184675,-0.09798601269721985,0.13241273164749146,0.08719150234222467,7,7,0.5714285714285714,Topoisomerase inhibitor,TOP2A,0.227,0.9770319999999999,0.7738,0.9985146464646465
HG-5-113-01,-0.06320782005786896,-0.0404671827952067,-0.12812867760658264,0.07086803019046783,0.0702909864210676,6,6,0.6666666666666666,,,0.2002,0.9742429906542056,0.7998,1.0
vicriviroc,-0.061996787786483765,-0.04685694972674052,-0.09698009490966797,0.06883001327514648,0.05627375154851988,6,6,0.8333333333333334,CCK receptor antagonist,CCR5,0.2116,0.9764243243243244,0.7884,1.0
cimetidine,-0.06167811155319214,-0.014283234422857111,-0.10976436734199524,0.14078742265701294,0.09223822430765093,11,11,0.6363636363636364,Histamine receptor antagonist,HRH2,0.1879,0.9698676767676768,0.8133,1.0
spironolactone,-0.06162169575691223,-0.040315253393990655,-0.11790439486503601,0.0869666039943695,0.07845388546348557,7,7,0.7142857142857143,Mineralocorticoid receptor antagonist,NR3C2,0.2421,0.9770319999999999,0.7584,0.9895410714285715
orteronel,-0.061329782009124756,-0.06533296344180901,-0.10738271474838257,-0.04170149192214012,0.02191599095270156,6,6,1.0,Cytochrome P450 inhibitor,CYP17A1,0.2183,0.9770319999999999,0.7817,0.9992605
pinacidil,-0.06107449531555176,-0.015450788661837578,-0.1519438624382019,0.1263675093650818,0.08656392943655346,12,12,0.5833333333333334,ATP channel activator,ABCC9,0.1686,0.9420173913043478,0.8314,1.0
limonin,-0.06102544069290161,-0.06102544069290161,-0.0729857087135315,-0.04906517267227173,0.011960268020629883,2,2,1.0,,,0.2282,0.9770319999999999,0.7718,0.9984551898734179
SB-203580,-0.06091661751270294,-0.03864195942878723,-0.14765340089797974,0.0807458758354187,0.06975560706663325,14,14,0.7142857142857143,P38 MAPK inhibitor,MAPK14,0.1538,0.9295606741573033,0.8462,1.0
P-1075,-0.06076174974441528,-0.02968909963965416,-0.11304524540901184,0.06878417730331421,0.06644844773264869,8,8,0.625,ATP channel activator,KCNJ11,0.2083,0.9764243243243244,0.7917,1.0
nifedipine,-0.06039947271347046,-0.059068879910877774,-0.17324945330619812,0.08565634489059448,0.09388353813249271,7,7,0.7142857142857143,Calcium channel blocker,CACNA1C,0.2544,0.9770319999999999,0.746,0.9881528350515464
camptothecin,-0.059687040746212006,-0.014865683391690254,-0.086495041847229,0.09032031893730164,0.07644054997227959,8,8,0.625,Topoisomerase inhibitor,TOP1,0.2212,0.9770319999999999,0.7788,0.9992605
estrone,-0.05961853265762329,-0.05495994124147627,-0.13134585320949554,0.11981406807899475,0.06681330555511815,9,9,0.8888888888888888,Estrogen receptor agonist,ESR1,0.2373,0.9770319999999999,0.7632,0.9898355329949239
bucladesine,-0.059038806706666946,-0.020576224476099015,-0.1571270227432251,0.12038695812225342,0.09396406815343018,10,10,0.6,CAMP stimulant,PRKACA,0.2121,0.9764243243243244,0.7879,1.0
rifaximin,-0.058941878378391266,-0.044822011763850846,-0.08796793222427368,0.05101015046238899,0.04509526263922505,6,6,0.8333333333333334,RNA synthesis inhibitor,NR1I2,0.2409,0.9770319999999999,0.7591,0.9895410714285715
cyproterone,-0.058932483196258545,-0.058932483196258545,-0.0783187747001648,-0.039546191692352295,0.01938629150390625,2,2,1.0,Androgen receptor antagonist,AR,0.237,0.9770319999999999,0.763,0.9898355329949239
naringenin,-0.058827102184295654,-0.05633945390582085,-0.11755883693695068,0.06509274244308472,0.055260831259234755,7,7,0.8571428571428571,TRPV antagonist,CYP19A1,0.2708,0.9770319999999999,0.73,0.9881528350515464
diltiazem,-0.058559222146868706,-0.022427220163600787,-0.15057772397994995,0.14803054928779602,0.0781602708167719,14,14,0.6428571428571429,Calcium channel blocker,CACNA1C,0.1831,0.9693195876288659,0.8169,1.0
ZD-7114,-0.05795085430145264,-0.03811352699995041,-0.154430091381073,0.10868147015571594,0.09010797044050149,6,6,0.6666666666666666,Adrenergic receptor agonist,ADRB3,0.2498,0.9770319999999999,0.7502,0.9881528350515464
betamethasone,-0.05733080208301544,-0.029018587122360866,-0.15702256560325623,0.09433488547801971,0.09615865140619768,12,12,0.5833333333333334,Glucocorticoid receptor agonist,NR3C1,0.2108,0.9764243243243244,0.7892,1.0
atracurium,-0.056861504912376404,-0.014063888788223266,-0.08209550380706787,0.08611100912094116,0.06541413330892945,5,5,0.6,,,0.3183,0.9770319999999999,0.6819,0.9876446327683617
nemonapride,-0.05669286847114563,-0.022301623597741127,-0.11475551128387451,0.0917891263961792,0.0743619346538752,8,8,0.625,Dopamine receptor antagonist,DRD2,0.2539,0.9770319999999999,0.7461,0.9881528350515464
estradiol,-0.056680917739868164,-0.016757126037891094,-0.11634212732315063,0.10373702645301819,0.08791692175748782,13,13,0.5384615384615384,Estrogen receptor agonist,ESR1,0.2439,0.9770319999999999,0.7563,0.9895410714285715
molsidomine,-0.05659890174865723,-0.021381149689356487,-0.12702059745788574,0.12686336040496826,0.09198412626656195,6,6,0.6666666666666666,Guanylyl cyclase activator,GUCY1A1,0.261,0.9770319999999999,0.739,0.9881528350515464
ritodrine,-0.0565003901720047,0.00297170238835471,-0.09625828266143799,0.19718286395072937,0.1006861501706614,7,7,0.5714285714285714,Adrenergic receptor agonist,ADRB2,0.3015,0.9770319999999999,0.6993,0.9881528350515464
idarubicin,-0.05625569820404053,-0.03181554589952741,-0.11155170202255249,0.13001590967178345,0.08698978751277898,7,7,0.7142857142857143,Topoisomerase inhibitor,TOP2A,0.3057,0.9770319999999999,0.6947,0.9881528350515464
AZD-1480,-0.056230008602142334,-0.01006960462440144,-0.20433664321899414,0.14870747923851013,0.10217386064412473,11,11,0.5454545454545454,JAK inhibitor,JAK1,0.2669,0.9770319999999999,0.7338,0.9881528350515464
nalbuphine,-0.05575430393218994,-0.023326818432126726,-0.14392665028572083,0.0630478709936142,0.07528110821244152,7,7,0.5714285714285714,Opioid receptor agonist,OPRD1,0.3122,0.9770319999999999,0.6881,0.9881528350515464
cefotaxime,-0.05560716986656189,-0.05560716986656189,-0.058507680892944336,-0.05270665884017944,0.0029005110263824463,2,2,1.0,,,0.2475,0.9770319999999999,0.7525,0.9885025706940873
dienestrol,-0.05484211444854736,-0.05484211444854736,-0.06356805562973022,-0.0461161732673645,0.008725941181182861,2,2,1.0,Estrogen receptor agonist,ESR1,0.2497,0.9770319999999999,0.7503,0.9881528350515464
levobunolol,-0.05483314394950867,-0.05568219721317291,-0.061034202575683594,-0.05117924511432648,0.004067818024829672,3,3,1.0,Adrenergic receptor antagonist,ADRB1,0.3753,0.9770319999999999,0.6253,0.9789521212121212
PD-123319,-0.05459138751029968,-0.024910524487495422,-0.13433390855789185,0.09135973453521729,0.08131787044727627,6,6,0.6666666666666666,Angiotensin antagonist,AGTR2,0.2769,0.9770319999999999,0.7231,0.9881528350515464
granisetron,-0.054420217871665955,-0.025712976853052776,-0.11103659868240356,0.09528034925460815,0.07657534677863706,6,6,0.6666666666666666,Serotonin receptor antagonist,HTR3A,0.2791,0.9770319999999999,0.7209,0.9881528350515464
dihydrexidine,-0.054162681102752686,-0.025122523307800293,-0.1635475754737854,0.1585591435432434,0.1069242966774579,8,8,0.625,Dopamine receptor agonist,DRD1,0.2789,0.9770319999999999,0.7211,0.9881528350515464
daunorubicin,-0.05408155918121338,-0.014912253388991723,-0.10465359687805176,0.15351855754852295,0.08807119636887031,13,13,0.6153846153846154,RNA synthesis inhibitor,TOP2A,0.2813,0.9770319999999999,0.7195,0.9881528350515464
norgestrel,-0.053766265511512756,-0.02764403074979782,-0.1252295970916748,0.10777223110198975,0.08020678805217424,6,6,0.6666666666666666,,,0.2845,0.9770319999999999,0.7155,0.9881528350515464
medrysone,-0.0536879301071167,-0.00969023731621829,-0.15480399131774902,0.1375674605369568,0.0978905579184669,11,11,0.5454545454545454,Glucocorticoid receptor agonist,NR3C1,0.301,0.9770319999999999,0.6999,0.9881528350515464
NNC-63-0532,-0.05359943211078644,-0.05359943211078644,-0.0629878044128418,-0.04421105980873108,0.009388372302055359,2,2,1.0,Opioid receptor agonist,OPRL1,0.2531,0.9770319999999999,0.7469,0.9881528350515464
voriconazole,-0.05306440033018589,-0.006192709629734357,-0.10506787896156311,0.13479168713092804,0.10036904584226095,6,6,0.6666666666666666,Cytochrome P450 inhibitor,CYP2C19,0.2887,0.9770319999999999,0.7113,0.9881528350515464
QL-XI-92,-0.05301100015640259,-0.0208031651046541,-0.1252172291278839,0.16036342084407806,0.099055924320014,9,9,0.6666666666666666,,,0.3163,0.9770319999999999,0.6842,0.9876446327683617
pitavastatin,-0.052905380725860596,-0.030929697056611378,-0.10971258580684662,0.07610118389129639,0.06747279956735822,6,6,0.6666666666666666,HMGCR inhibitor,HMGCR,0.2903,0.9770319999999999,0.7097,0.9881528350515464
esculin,-0.052467525005340576,-0.021952041983604433,-0.1148187667131424,0.10145527124404907,0.087598599187871,5,5,0.6,,,0.3592,0.9770319999999999,0.6412,0.9839435435435434
nicardipine,-0.052460163831710815,-0.05654941499233246,-0.07114756107330322,-0.04604052007198334,0.010649956439706645,3,3,1.0,Calcium channel blocker,CACNA1C,0.3961,0.9770319999999999,0.6045,0.9780859375000001
cinnarizine,-0.0520857572555542,-0.021685669819513958,-0.06693640351295471,0.05396515130996704,0.053835678855440335,3,3,0.6666666666666666,Calcium channel blocker,HRH1,0.4001,0.9770319999999999,0.6001,0.9780859375000001
hyoscyamine,-0.05176287144422531,-0.02162066288292408,-0.08282512426376343,0.14067739248275757,0.06911141393216663,8,8,0.75,,,0.3014,0.9770319999999999,0.6986,0.9881528350515464
mefloquine,-0.05173054337501526,-0.05319698452949524,-0.12401193380355835,0.08329209685325623,0.07549943010235038,5,5,0.8,,,0.368,0.9770319999999999,0.6322,0.9789521212121212
lovastatin,-0.051483094692230225,-0.0011825263500213623,-0.15263676643371582,0.1502486765384674,0.09274724842152451,9,9,0.5555555555555556,HMGCR inhibitor,HMGCR,0.3392,0.9770319999999999,0.6614,0.9876446327683617
rutin,-0.0513332337141037,-0.035314859105990484,-0.16065168380737305,0.12395879626274109,0.07752397653855204,13,13,0.6923076923076923,Antioxidant,AKR1C3,0.3171,0.9770319999999999,0.6834,0.9876446327683617
GBR-13069,-0.05132680386304855,-0.03497868776321411,-0.07640226185321808,0.03914111852645874,0.044001341220886406,4,4,0.75,Dopamine uptake inhibitor,SLC6A3,0.2968,0.9770319999999999,0.7032,0.9881528350515464
doxorubicin,-0.05124247074127197,-0.031061370264400135,-0.1279454231262207,0.118337482213974,0.06860352516629291,11,11,0.7272727272727273,Topoisomerase inhibitor,TOP2A,0.3367,0.9770319999999999,0.6642,0.9876446327683617
sirolimus,-0.05111528933048248,-0.02237718247554519,-0.11505705118179321,0.14273464679718018,0.07550047517076044,22,22,0.7272727272727273,MTOR inhibitor,FKBP1A,0.2533,0.9770319999999999,0.7467,0.9881528350515464
saxagliptin,-0.050692103803157806,-0.050692103803157806,-0.05568923056125641,-0.045694977045059204,0.004997126758098602,2,2,1.0,Dipeptidyl peptidase inhibitor,DPP4,0.262,0.9770319999999999,0.738,0.9881528350515464
guggulsterone,-0.05054982006549835,-0.018321789801120758,-0.1612401008605957,0.12156973779201508,0.09648199469024149,12,12,0.5833333333333334,IKK inhibitor,NR3C1,0.2989,0.9770319999999999,0.7011,0.9881528350515464
L-655708,-0.049946464598178864,-0.049946464598178864,-0.06030091643333435,-0.039592012763023376,0.010354451835155487,2,2,1.0,GABA receptor inverse agonist,GABRA5,0.2637,0.9770319999999999,0.7363,0.9881528350515464
fluvoxamine,-0.04933902621269226,-0.017551910132169724,-0.09159526228904724,0.07917624711990356,0.06336049006055881,8,8,0.625,Selective serotonin reuptake inhibitor,SLC6A4,0.3243,0.9770319999999999,0.6757,0.9876446327683617
rimcazole,-0.049275100231170654,-0.01691422528690762,-0.11686044931411743,0.09365570545196533,0.07900862393722516,9,9,0.5555555555555556,Sigma receptor antagonist,SIGMAR1,0.3616,0.9770319999999999,0.6388,0.9832132530120482
streptozotocin,-0.04896576702594757,-0.04896576702594757,-0.05183139443397522,-0.04610013961791992,0.002865627408027649,2,2,1.0,,,0.2662,0.9770319999999999,0.7338,0.9881528350515464
naltriben,-0.04879114031791687,-0.04879114031791687,-0.1380445957183838,0.04046231508255005,0.08925345540046692,2,2,0.5,Opioid receptor antagonist,OPRD1,0.2665,0.9770319999999999,0.7335,0.9881528350515464
warfarin,-0.04852144420146942,-0.03253668732941151,-0.14936968684196472,0.102658212184906,0.0878157097619767,8,8,0.625,Vitamin K antagonist,VKORC1,0.3304,0.9770319999999999,0.6696,0.9876446327683617
CD-1530,-0.048489153385162354,-0.03292949000994364,-0.09859463572502136,0.04829531908035278,0.060968527667662586,3,3,0.6666666666666666,Retinoid receptor agonist,RARG,0.429,0.9770319999999999,0.5713,0.9780859375000001
YM-298198,-0.04848867654800415,-0.028110474348068237,-0.09995022416114807,0.10183057188987732,0.06067669332831516,8,8,0.75,Glutamate receptor antagonist,GRM1,0.3307,0.9770319999999999,0.6693,0.9876446327683617
ambrisentan,-0.04787113144993782,-0.04787113144993782,-0.1745065152645111,0.07876425236463547,0.1266353838145733,2,2,0.5,Endothelin receptor antagonist,EDNRA,0.2685,0.9770319999999999,0.7315,0.9881528350515464
sulpiride,-0.04774349927902222,-0.02171483039855957,-0.10851919651031494,0.14476896822452545,0.08659010830676718,5,5,0.8,Dopamine receptor antagonist,DRD2,0.4057,0.9770319999999999,0.5948,0.9780859375000001
CG-930,-0.04753614962100983,-0.01980902925133705,-0.1836126148700714,0.15483605861663818,0.10076831194279644,10,10,0.7,JNK inhibitor,MAPK8,0.344,0.9770319999999999,0.656,0.9876446327683617
pterostilbene,-0.04746371507644653,-0.004661038517951965,-0.10566681623458862,0.1676400601863861,0.09523319097411966,6,6,0.6666666666666666,PPAR receptor agonist,PTGS2,0.326,0.9770319999999999,0.674,0.9876446327683617
bromocriptine,-0.04702812433242798,-0.0072749715584975025,-0.15817835927009583,0.12364578247070312,0.0981931157971864,13,13,0.5384615384615384,Dopamine receptor agonist,ADRA2A,0.3737,0.9770319999999999,0.6273,0.9789521212121212
guanaben-acetate,-0.04685395956039429,-0.013795899493353707,-0.1353892982006073,0.10136127471923828,0.09245334700960652,7,7,0.5714285714285714,Adrenergic receptor agonist,ADRA2A,0.404,0.9770319999999999,0.597,0.9780859375000001
talampicillin,-0.04685121774673462,-0.04685121774673462,-0.04685121774673462,-0.04685121774673462,0.0,1,1,1.0,,,0.463,0.9770319999999999,0.5376,0.9780859375000001
cefixime,-0.046517133712768555,-0.01925696101453569,-0.1412658393383026,0.12481807172298431,0.09005507730403814,9,9,0.5555555555555556,,,0.3923,0.9770319999999999,0.6082,0.9780859375000001
prednisolone,-0.04629235342144966,-0.04629235342144966,-0.04899737238883972,-0.0435873344540596,0.0027050189673900604,2,2,1.0,,,0.2726,0.9770319999999999,0.7274,0.9881528350515464
rottlerin,-0.0462346188724041,0.0009299543287072863,-0.14972621202468872,0.1702284812927246,0.09688414725133504,14,14,0.5714285714285714,,,0.3487,0.9770319999999999,0.6513,0.9876446327683617
yohimbine,-0.04616975784301758,-0.008471778697437711,-0.07938981056213379,0.08833456039428711,0.06541990179559325,9,9,0.5555555555555556,Adrenergic receptor antagonist,ADRA2A,0.3987,0.9770319999999999,0.6018,0.9780859375000001
sulbactam,-0.04605242609977722,-0.04605242609977722,-0.04605242609977722,-0.04605242609977722,0.0,1,1,1.0,,,0.4682,0.9770319999999999,0.5319,0.9780859375000001
ipratropium,-0.045439720153808594,-0.013149622413847182,-0.13247230648994446,0.12009912729263306,0.09175437290148308,9,9,0.5555555555555556,Acetylcholine receptor antagonist,CHRM1,0.4127,0.9770319999999999,0.5883,0.9780859375000001
nadolol,-0.04529443383216858,0.0020967556370629203,-0.08018076419830322,0.15319406986236572,0.07959449392918469,9,9,0.5555555555555556,Adrenergic receptor antagonist,ADRB1,0.414,0.9770319999999999,0.5863,0.9780859375000001
resorcinol,-0.04496079683303833,-0.03497473469802311,-0.09932145476341248,0.05426856875419617,0.058818745881785976,7,7,0.7142857142857143,,,0.433,0.9770319999999999,0.5677,0.9780859375000001
forskolin,-0.044458091259002686,-0.0026529345374840954,-0.10744041204452515,0.13503502309322357,0.07902288307924073,13,13,0.5384615384615384,Adenylyl cyclase activator,ADCY2,0.4193,0.9770319999999999,0.5822,0.9780859375000001
SU-11274,-0.04430362582206726,0.006529233285358974,-0.10389882326126099,0.1365363597869873,0.09224579613270645,7,7,0.5714285714285714,Tyrosine kinase inhibitor,MET,0.4406,0.9770319999999999,0.5598,0.9780859375000001
nelfinavir,-0.0441056489944458,0.01961192488670349,-0.14514243602752686,0.19104278087615967,0.11865134155016535,7,7,0.5714285714285714,HIV protease inhibitor,CYP1A2,0.4423,0.9770319999999999,0.5586,0.9780859375000001
CGS-21680,-0.04391565918922424,-0.04391565918922424,-0.13844645023345947,0.050615131855010986,0.09453079104423523,2,2,0.5,Adenosine receptor agonist,ADORA1,0.2785,0.9770319999999999,0.7215,0.9881528350515464
norethindrone,-0.04334123060107231,-0.0143902488052845,-0.08772140741348267,0.07814186811447144,0.06439768175732438,6,6,0.6666666666666666,Progestogen hormone,PGR,0.3435,0.9770319999999999,0.6565,0.9876446327683617
parthenolide,-0.042648255825042725,-0.007949449514087877,-0.1455480456352234,0.13191735744476318,0.08602950989293141,19,19,0.5789473684210527,,,0.4181,0.9770319999999999,0.5825,0.9780859375000001
anandamide,-0.041956305503845215,-0.007045858754561498,-0.11802998185157776,0.1223950982093811,0.07310129931671845,13,13,0.5384615384615384,Cannabinoid receptor agonist,CNR1,0.4446,0.9770319999999999,0.5562,0.9780859375000001
nateglinide,-0.041889846324920654,-0.01844609741653715,-0.13666605949401855,0.15441444516181946,0.09510166801167685,7,7,0.7142857142857143,Insulin secretagogue,KCNJ11,0.4579,0.9770319999999999,0.5427,0.9780859375000001
WZ-4-145,-0.04180917143821716,0.014500120824033564,-0.16974952816963196,0.2196359634399414,0.12687172015420778,11,11,0.5454545454545454,,,0.4507,0.9770319999999999,0.5503,0.9780859375000001
ritonavir,-0.04076564311981201,0.01588712419782366,-0.08675670623779297,0.1568804681301117,0.09062360510982106,7,7,0.5714285714285714,HIV protease inhibitor,CYP1A2,0.4674,0.9770319999999999,0.5333,0.9780859375000001
quinidine,-0.04045313596725464,-0.0068268007957018335,-0.16823628544807434,0.11889016628265381,0.08418190489869155,13,13,0.5384615384615384,Sodium channel blocker,SCN5A,0.4625,0.9770319999999999,0.5379,0.9780859375000001
testosterone,-0.04033398628234863,-0.008062709461558949,-0.13940799236297607,0.16701585054397583,0.09672172264504504,11,11,0.5454545454545454,,,0.4649,0.9770319999999999,0.5357,0.9780859375000001
dexamethasone,-0.039874762296676636,-0.012913751366891359,-0.15279626846313477,0.14410400390625,0.0923806780559968,19,19,0.5263157894736842,Glucocorticoid receptor agonist,NR3C1,0.4583,0.9770319999999999,0.5428,0.9780859375000001
formestane,-0.039827801287174225,-0.02394729107618332,-0.11904415488243103,0.07111182808876038,0.06306741181302479,6,6,0.6666666666666666,Aromatase inhibitor,CYP19A1,0.3529,0.9770319999999999,0.6471,0.9876446327683617
danazol,-0.03979736566543579,-0.010521031343019925,-0.14829453825950623,0.10160782933235168,0.08147928611965176,13,13,0.6153846153846154,Estrogen receptor antagonist,ESR1,0.4729,0.9770319999999999,0.5281,0.9780859375000001
rilmenidine,-0.03897219896316528,-0.027394935488700867,-0.10697799921035767,0.05541658401489258,0.06361658973276572,10,10,0.6,Adrenergic receptor agonist,NISCH,0.3963,0.9770319999999999,0.6037,0.9780859375000001
equilin,-0.03854849934577942,-0.002720506489276886,-0.07991772890090942,0.10045158863067627,0.07192366693319377,10,10,0.6,Estrogen receptor agonist,HSD17B1,0.3973,0.9770319999999999,0.6027,0.9780859375000001
eplerenone,-0.03852468729019165,0.001857703924179077,-0.10270312428474426,0.1265554428100586,0.0831197333559683,5,5,0.6,Cytochrome P450 inhibitor,NR3C2,0.4835,0.9804305555555556,0.5178,0.9780859375000001
veliparib,-0.0382889062166214,-0.0031974787513415017,-0.08932626247406006,0.13506805896759033,0.07089756882750382,12,12,0.5833333333333334,PARP inhibitor,PARP2,0.3962,0.9770319999999999,0.6038,0.9780859375000001
cytisine,-0.03770068287849426,-0.03770068287849426,-0.03770068287849426,-0.03770068287849426,0.0,1,1,1.0,Acetylcholine receptor agonist,CHRNA2,0.5044,0.9855271375464685,0.4959,0.9780859375000001
serotonin,-0.03739272803068161,-0.03739272803068161,-0.039200663566589355,-0.035584792494773865,0.0018079355359077454,2,2,1.0,Growth factor receptor activator,HTR1A,0.2943,0.9770319999999999,0.7057,0.9881528350515464
triprolidine,-0.036825358867645264,-0.030375085771083832,-0.15749689936637878,0.07938110828399658,0.09115569352997233,8,8,0.625,Histamine receptor antagonist,HRH1,0.3849,0.9770319999999999,0.6151,0.9789521212121212
tropisetron,-0.03556782007217407,-0.00629920760790507,-0.09947454929351807,0.09538206458091736,0.07150316461351118,9,9,0.5555555555555556,Serotonin receptor antagonist,HTR3A,0.4956,0.9855271375464685,0.5048,0.9780859375000001
labetalol,-0.034806620329618454,-0.014643219432660512,-0.1386018693447113,0.10664895176887512,0.08813285399442615,7,7,0.5714285714285714,Adrenergic receptor antagonist,ADRA1D,0.5036,0.9855271375464685,0.497,0.9780859375000001
glimepiride,-0.034141428768634796,-0.009536378830671311,-0.10776853561401367,0.09593385457992554,0.07206798764371639,10,10,0.6,Insulin secretagogue,KCNJ11,0.4035,0.9770319999999999,0.5965,0.9780859375000001
etodolac,-0.03361189365386963,-0.004902632399038835,-0.08055567741394043,0.11914956569671631,0.06867575106323734,11,11,0.5454545454545454,Cyclooxygenase inhibitor,PTGS2,0.5115,0.9855271375464685,0.4894,0.9780859375000001
AT-CSC-07,-0.03353510797023773,-0.024443399161100388,-0.15059328079223633,0.12348811328411102,0.08500654040721739,8,8,0.625,,,0.3875,0.9770319999999999,0.6125,0.9780859375000001
mestranol,-0.030582666397094727,0.0023128149601129386,-0.11510151624679565,0.14449858665466309,0.08216953372899564,13,13,0.5384615384615384,Estrogen receptor agonist,ESR1,0.5259,0.9916416974169743,0.4747,0.9780859375000001
VX-222,-0.03034299612045288,-0.00848182886838913,-0.07771891355514526,0.07162785530090332,0.06207108714765372,5,5,0.6,,,0.5097,0.9855271375464685,0.4909,0.9780859375000001
cyclopiazonic-acid,-0.02959597110748291,0.007922344974109105,-0.0791093111038208,0.12539458274841309,0.07804473891471378,7,7,0.5714285714285714,ATPase inhibitor,ATP2A1,0.5188,0.9855271375464685,0.4816,0.9780859375000001
rimantadine,-0.02866516262292862,-0.02866516262292862,-0.10940781235694885,0.052077487111091614,0.08074264973402023,2,2,0.5,,,0.3205,0.9770319999999999,0.6795,0.9876446327683617
epirubicin,-0.028576955199241638,-0.009481201569239298,-0.11985072493553162,0.1509067416191101,0.10142297440662885,6,6,0.5,Topoisomerase inhibitor,TOP2A,0.3623,0.9770319999999999,0.6377,0.9832132530120482
dopamine,-0.028497666120529175,-0.028497666120529175,-0.09259939193725586,0.03560405969619751,0.06410172581672668,2,2,0.5,Dopamine receptor agonist,DRD1,0.3211,0.9770319999999999,0.6789,0.9876446327683617
oxandrolone,-0.026063039898872375,-0.026063039898872375,-0.11098480224609375,0.058858722448349,0.08492176234722137,2,2,0.5,Androgen receptor agonist,AR,0.3303,0.9770319999999999,0.6697,0.9876446327683617
terbutaline,-0.02436944842338562,-0.02436944842338562,-0.10425671935081482,0.05551782250404358,0.0798872709274292,2,2,0.5,Adrenergic receptor agonist,ADRB2,0.3383,0.9770319999999999,0.6617,0.9876446327683617
cyanocobalamin,-0.024054139852523804,-0.024054139852523804,-0.11808222532272339,0.06997394561767578,0.09402808547019958,2,2,0.5,Vitamin B,MMUT,0.3394,0.9770319999999999,0.6606,0.9876446327683617
paclitaxel,-0.022825494408607483,-0.021677722533543903,-0.15119779109954834,0.10282963514328003,0.10149107414866654,12,12,0.5,Tubulin inhibitor,TUBB,0.4085,0.9770319999999999,0.5915,0.9780859375000001
azithromycin,-0.02063489891588688,-0.009827358648180962,-0.08688044548034668,0.08226686716079712,0.07452618460152521,6,6,0.5,,,0.3719,0.9770319999999999,0.6281,0.9789521212121212
digitoxigenin,-0.019201651215553284,-0.019201651215553284,-0.11380782723426819,0.07540452480316162,0.0946061760187149,2,2,0.5,,,0.3682,0.9770319999999999,0.6318,0.9789521212121212
oxantel,-0.018904194235801697,-0.018904194235801697,-0.08926993608474731,0.05146154761314392,0.07036574184894562,2,2,0.5,,,0.3703,0.9770319999999999,0.6297,0.9789521212121212
biotin,-0.018888860940933228,-0.018888860940933228,-0.10616594552993774,0.06838822364807129,0.08727708458900452,2,2,0.5,,,0.3705,0.9770319999999999,0.6295,0.9789521212121212
sparfloxacin,-0.01855544000864029,-0.01855544000864029,-0.11423446238040924,0.07712358236312866,0.09567902237176895,2,2,0.5,,,0.373,0.9770319999999999,0.627,0.9789521212121212
ibrutinib,-0.01819751411676407,-0.020639285445213318,-0.15547356009483337,0.0993659496307373,0.08866145026424511,14,14,0.5,BTK inhibitor,BTK,0.4244,0.9770319999999999,0.5756,0.9780859375000001
tunicamycin,-0.017413169145584106,-0.017413169145584106,-0.06573432683944702,0.03090798854827881,0.048321157693862915,2,2,0.5,GLCNAC phosphotransferase inhibitor,GNPTAB,0.3811,0.9770319999999999,0.6189,0.9789521212121212
roxithromycin,-0.016238808631896973,-0.016238808631896973,-0.09099400043487549,0.05851638317108154,0.07475519180297852,2,2,0.5,,,0.3885,0.9770319999999999,0.6115,0.9780859375000001
megestrol-acetate,-0.015965893864631653,-0.005368568003177643,-0.09068882465362549,0.10114634037017822,0.08473445136373725,4,4,0.5,DNA inhibitor,PGR,0.3901,0.9770319999999999,0.6099,0.9780859375000001
tobramycin,-0.015723466873168945,-0.015723466873168945,-0.08472055196762085,0.05327361822128296,0.0689970850944519,2,2,0.5,,,0.3918,0.9770319999999999,0.6082,0.9780859375000001
PD-166793,-0.013925403356552124,-0.013925403356552124,-0.10003453493118286,0.07218372821807861,0.08610913157463074,2,2,0.5,Collagenase inhibitor,MMP2,0.4043,0.9770319999999999,0.5957,0.9780859375000001
CO-102862,-0.013763844966888428,-0.019129127264022827,-0.13917607069015503,0.07424378395080566,0.08195709394308628,6,6,0.5,,,0.3997,0.9770319999999999,0.6003,0.9780859375000001
cefazolin,-0.012825056910514832,-0.012825056910514832,-0.11557677388191223,0.08992666006088257,0.1027517169713974,2,2,0.5,,,0.4113,0.9770319999999999,0.5887,0.9780859375000001
sunitinib,-0.01279459148645401,-0.009573666751384735,-0.10959434509277344,0.101307213306427,0.07546674447421418,10,10,0.5,KIT inhibitor,FLT1,0.4282,0.9770319999999999,0.5718,0.9780859375000001
nizatidine,-0.01263648271560669,-0.014420120418071747,-0.13978606462478638,0.13811376690864563,0.09652855967798869,10,10,0.5,Histamine receptor antagonist,HRH2,0.4288,0.9770319999999999,0.5712,0.9780859375000001
batimastat,-0.011396139860153198,-0.005363672971725464,-0.11871600151062012,0.10744404792785645,0.08938666369428071,6,6,0.5,,,0.4143,0.9770319999999999,0.5857,0.9780859375000001
zimelidine,-0.01117202639579773,-0.01117202639579773,-0.0767257809638977,0.054381728172302246,0.06555375456809998,2,2,0.5,Serotonin reuptake inhibitor,SLC6A4,0.4235,0.9770319999999999,0.5765,0.9780859375000001
reserpine,-0.010447025299072266,-0.010447025299072266,-0.054767608642578125,0.033873558044433594,0.04432058334350586,2,2,0.5,Vesicular monoamine transporter inhibitor,SLC18A1,0.4307,0.9770319999999999,0.5693,0.9780859375000001
doxycycline,-0.009384945034980774,-0.02376390000184377,-0.1286117136478424,0.07154351472854614,0.08286371094906472,6,6,0.5,Metalloproteinase inhibitor,MMP8,0.4273,0.9770319999999999,0.5727,0.9780859375000001
tubaic-acid,-0.00905521959066391,-0.01430542767047882,-0.11707261204719543,0.07796134054660797,0.0844490787682695,4,4,0.5,,,0.4383,0.9770319999999999,0.5617,0.9780859375000001
niacin,-0.00858364999294281,-0.01836242526769638,-0.11696814000606537,0.05262237787246704,0.0687879230183893,6,6,0.5,Vitamin B,HCAR2,0.4338,0.9770319999999999,0.5662,0.9780859375000001
saracatinib,-0.008260548114776611,-0.01322887305702482,-0.13904637098312378,0.08471643924713135,0.07212558694475102,14,14,0.5,Src inhibitor,ABL1,0.4525,0.9770319999999999,0.5475,0.9780859375000001
nimodipine,-0.007854539901018143,0.009312436915934086,-0.09120941162109375,0.13115477561950684,0.08701722679701135,8,8,0.5,Calcium channel blocker,NR3C2,0.4488,0.9770319999999999,0.5512,0.9780859375000001
fluticasone,-0.007652848958969116,-0.008860534429550171,-0.14031720161437988,0.11069375276565552,0.09287041528216164,10,10,0.5,Glucocorticoid receptor agonist,NR3C1,0.4613,0.9770319999999999,0.5387,0.9780859375000001
paroxetine,-0.007371712476015091,0.0004019802436232567,-0.1104123592376709,0.13035917282104492,0.0860282243980777,8,8,0.5,Selective serotonin reuptake inhibitor,SLC6A4,0.4528,0.9770319999999999,0.5472,0.9780859375000001
argatroban,-0.00631675124168396,-0.003030096491177877,-0.0929614007472992,0.11506122350692749,0.08026028457694237,6,6,0.5,Thrombin inhibitor,F2,0.4521,0.9770319999999999,0.5479,0.9780859375000001
aloisine,-0.005211830139160156,-0.004065431654453278,-0.1082841157913208,0.090616375207901,0.0774584560924214,12,12,0.5,CDK inhibitor,CDK2,0.4713,0.9770319999999999,0.5287,0.9780859375000001
clindamycin,-0.00514722615480423,-0.00514722615480423,-0.08115144073963165,0.0708569884300232,0.07600421458482742,2,2,0.5,,,0.4737,0.9770319999999999,0.5263,0.9780859375000001
tetrabenazine,-0.005043432116508484,-0.005043432116508484,-0.09211727976799011,0.08203041553497314,0.08707384765148163,2,2,0.5,Vesicular monoamine transporter inhibitor,SLC18A2,0.4746,0.9770319999999999,0.5254,0.9780859375000001
quinine,-0.005039989948272705,-0.016450633605321247,-0.16518232226371765,0.09474962949752808,0.08979507805259768,6,6,0.5,Hemozoin biocrystallization inhibitor,KCNN4,0.465,0.9770319999999999,0.535,0.9780859375000001
mevastatin,-0.0048885345458984375,-0.0023781582713127136,-0.11219784617424011,0.11246228218078613,0.09535705963036258,4,4,0.5,HMGCR inhibitor,HMGCR,0.477,0.9770319999999999,0.523,0.9780859375000001
olopatadine,-0.004734545946121216,-0.004734545946121216,-0.08538830280303955,0.07591921091079712,0.08065375685691833,2,2,0.5,Histamine receptor antagonist,HRH1,0.4778,0.9770319999999999,0.5222,0.9780859375000001
capecitabine,-0.004564061760902405,-0.0028396795193354287,-0.06613624095916748,0.06804639101028442,0.055238129515414174,6,6,0.5,DNA synthesis inhibitor,TYMS,0.4704,0.9770319999999999,0.5296,0.9780859375000001
mometasone,-0.00446619838476181,-0.00446619838476181,-0.0639873594045639,0.05505496263504028,0.059521161019802094,2,2,0.5,Glucocorticoid receptor agonist,NR3C1,0.4807,0.9786362549800797,0.5193,0.9780859375000001
memantine,-0.004174038767814636,-0.0032725284496943154,-0.06979382038116455,0.07255727052688599,0.05705961708575395,6,6,0.5,Glutamate receptor antagonist,GRIN1,0.4745,0.9770319999999999,0.5255,0.9780859375000001
milnacipran,-0.0039002150297164917,-0.010990619659423828,-0.1651538610458374,0.12165132164955139,0.09401959321152017,6,6,0.5,Serotonin reuptake inhibitor,SLC6A2,0.478,0.9770319999999999,0.522,0.9780859375000001
dantrolene,-0.0033001303672790527,-0.0033001303672790527,-0.07492339611053467,0.06832313537597656,0.07162326574325562,2,2,0.5,Calcium channel blocker,RYR1,0.4901,0.9855271375464685,0.5099,0.9780859375000001
cortisone,-0.0029857009649276733,-0.0029857009649276733,-0.046486884355545044,0.0405154824256897,0.04350118339061737,2,2,0.5,,,0.492,0.9855271375464685,0.508,0.9780859375000001
rifampicin,-0.0025911331176757812,-0.006403025239706039,-0.09297698736190796,0.08658117055892944,0.06503535046772187,8,8,0.5,RNA polymerase inhibitor,NR1I2,0.4991,0.9855271375464685,0.5009,0.9780859375000001
isoxsuprine,-0.0023115575313568115,-0.005649250000715256,-0.09965372085571289,0.0870637595653534,0.07471074350565154,8,8,0.5,Adrenergic receptor agonist,ADRB2,0.5017,0.9855271375464685,0.4983,0.9780859375000001
ethambutol,-0.0021830350160598755,-0.0021830350160598755,-0.058074116706848145,0.053708046674728394,0.05589108169078827,2,2,0.5,,,0.4996,0.9855271375464685,0.5004,0.9780859375000001
benzamil,-0.001526758074760437,-0.008090188726782799,-0.11555615067481995,0.09895530343055725,0.0799617703077805,8,8,0.5,Sodium channel blocker,SCNN1A,0.5091,0.9855271375464685,0.4909,0.9780859375000001
nicergoline,-0.0008152872323989868,-0.0008152872323989868,-0.12310731410980225,0.12147673964500427,0.12229202687740326,2,2,0.5,Adrenergic receptor antagonist,ADRA1A,0.5109,0.9855271375464685,0.4891,0.9780859375000001
timolol,-0.00077037513256073,0.0023084357380867004,-0.09482979774475098,0.10063442587852478,0.07614515291844084,8,8,0.5,Adrenergic receptor antagonist,ADRB1,0.5165,0.9855271375464685,0.4835,0.9780859375000001
AZD-7545,-0.0006972551345825195,0.014891621967156729,-0.1084412932395935,0.1811901181936264,0.10578322460718133,6,6,0.5,,,0.5154,0.9855271375464685,0.4846,0.9780859375000001
valsartan,-0.0006464086472988129,0.004578939639031887,-0.0880577564239502,0.11982321739196777,0.07607927607608231,8,8,0.5,Angiotensin receptor antagonist,AGTR1,0.5178,0.9855271375464685,0.4822,0.9780859375000001
cisapride,-0.0005822628736495972,-0.013428792357444763,-0.13098469376564026,0.05842974781990051,0.06775785362453596,8,8,0.5,Serotonin receptor agonist,HTR4,0.5185,0.9855271375464685,0.4815,0.9780859375000001
tibolone,0.00032858550548553467,0.015212789177894592,-0.06974023580551147,0.13362395763397217,0.08104919091075763,6,6,0.5,Androgen receptor agonist,ESR1,0.5279,0.9917533088235295,0.4721,0.9780859375000001
fluocinonide,0.0003996342420578003,0.0003996342420578003,-0.11544567346572876,0.11624494194984436,0.11584530770778656,2,2,0.5,,,0.5214,0.9867977777777777,0.4786,0.9780859375000001
amcinonide,0.001227051019668579,0.0027064066380262375,-0.07590776681900024,0.08397218585014343,0.06757981138904331,8,8,0.5,Glucocorticoid receptor agonist,NR3C1,0.5381,0.995181560283688,0.4619,0.9780859375000001
sericetin,0.0013640746474266052,0.001880105584859848,-0.07696777582168579,0.08176004886627197,0.06978886967706273,4,4,0.5,,,0.5416,0.995181560283688,0.4584,0.9780859375000001
GSK-690693,0.0018111467361450195,0.013695354262987772,-0.1242351233959198,0.21141070127487183,0.12174184473537672,6,6,0.5,Akt inhibitor,AKT3,0.5433,0.995181560283688,0.4567,0.9780859375000001
hesperidin,0.0019231811165809631,0.004368205865224202,-0.07024428248405457,0.09752863645553589,0.06565681060737048,6,6,0.5,,,0.5445,0.995181560283688,0.4555,0.9780859375000001
varenicline,0.0022691674530506134,0.0145390418668588,-0.07171814143657684,0.11400306224822998,0.08080854165521824,6,6,0.5,Acetylcholine receptor agonist,CHRNA4,0.5487,0.995181560283688,0.4513,0.9780859375000001
prednicarbate,0.0032350271940231323,0.0032350271940231323,-0.09224969148635864,0.09871974587440491,0.09548471868038177,2,2,0.5,Phospholipase activator,NR3C1,0.5463,0.995181560283688,0.4537,0.9780859375000001
BI-2536,0.004133462905883789,-0.014910553892453512,-0.16031166911125183,0.11903685331344604,0.08807204412235645,12,12,0.5,PLK inhibitor,PLK1,0.5743,1.0,0.4257,0.966812
siguazodan,0.004743456840515137,0.0058496855199337006,-0.07081717252731323,0.0882488489151001,0.06702317949301358,8,8,0.5,Phosphodiesterase inhibitor,PDE3A,0.5743,1.0,0.4257,0.966812
flumetasone,0.0054297372698783875,0.0009821526706218719,-0.14704617857933044,0.16908365488052368,0.09679276124652342,10,10,0.5,Glucocorticoid receptor agonist,NR3C1,0.5948,1.0,0.4052,0.9592333333333334
zidovudine,0.0055928900837898254,0.0098509614666303,-0.056279003620147705,0.09022867679595947,0.06235134036478964,6,6,0.5,,,0.5833,1.0,0.4167,0.9635009049773756
antimycin-a,0.005822017788887024,0.0015373776356379192,-0.13765642046928406,0.118277907371521,0.07807348510106792,12,12,0.5,ATP synthase inhibitor,CYCS,0.5917,1.0,0.4083,0.9592333333333334
CGP-12177,0.006197810173034668,0.007941439747810364,-0.08924975991249084,0.1152353584766388,0.08985693310177231,6,6,0.5,Adrenergic receptor agonist,ADRB1,0.5889,1.0,0.4111,0.9592333333333334
beclometasone,0.006572239100933075,0.006572239100933075,-0.06454326212406158,0.07768774032592773,0.07111550122499466,2,2,0.5,Glucocorticoid receptor agonist,NR3C1,0.5771,1.0,0.4229,0.966812
picrotoxin,0.0071075111627578735,0.005635124941666921,-0.09103065729141235,0.10336719453334808,0.07570059811334418,6,6,0.5,GABA receptor antagonist,GABRA1,0.596,1.0,0.404,0.9592333333333334
ouabain,0.0076029300689697266,0.0059734295521463665,-0.173074871301651,0.14753147959709167,0.09273855136731687,14,14,0.5,ATPase inhibitor,ATP1A1,0.6079,1.0,0.3921,0.9592333333333334
GW-4064,0.00807519257068634,0.00807519257068634,-0.08253729343414307,0.09868767857551575,0.0906124860048294,2,2,0.5,FXR agonist,NR1H4,0.5891,1.0,0.4109,0.9592333333333334
saquinavir,0.009019717574119568,-0.002950116991996765,-0.09391051530838013,0.05975145101547241,0.060536912985873395,6,6,0.5,,,0.6115,1.0,0.3885,0.9592333333333334
dydrogesterone,0.0101853609085083,0.0101853609085083,-0.037849605083465576,0.05822032690048218,0.04803496599197388,2,2,0.5,Progesterone receptor agonist,PGR,0.6071,1.0,0.3929,0.9592333333333334
EX-527,0.010826259851455688,-0.00593724971016248,-0.144400954246521,0.09903687238693237,0.08849243240571016,12,12,0.5,SIRT inhibitor,SIRT1,0.6233,1.0,0.3767,0.9592333333333334
prednisone,0.011968538165092468,0.0013009458780288696,-0.11120754480361938,0.09247425198554993,0.08759263964599022,4,4,0.5,Glucocorticoid receptor agonist,NR3C1,0.631,1.0,0.369,0.9592333333333334
thiostrepton,0.012050330638885498,0.012050330638885498,-0.08368897438049316,0.10778963565826416,0.09573930501937866,2,2,0.5,FOXM1 inhibitor,FOXM1,0.6225,1.0,0.3775,0.9592333333333334
piperacillin,0.01212891936302185,0.01212891936302185,-0.0827934741973877,0.1070513129234314,0.09492239356040955,2,2,0.5,,,0.6229,1.0,0.3771,0.9592333333333334
guanadrel,0.012485235929489136,0.012485235929489136,-0.0335041880607605,0.05847465991973877,0.045989423990249634,2,2,0.5,Adrenergic inhibitor,SLC6A2,0.6252,1.0,0.3748,0.9592333333333334
noscapine,0.01275220513343811,0.01013371596733729,-0.13581091165542603,0.1604289710521698,0.09176116002433723,12,12,0.5,Tubulin inhibitor,SIGMAR1,0.6284,1.0,0.3716,0.9592333333333334
SDZ-NKT-343,0.012949720025062561,0.0022530704736709595,-0.11107826232910156,0.09506583213806152,0.08920092687964107,6,6,0.5,Tachykinin antagonist,TACR1,0.6376,1.0,0.3624,0.9592333333333334
megestrol,0.013788372278213501,0.013788372278213501,-0.03683269023895264,0.06440943479537964,0.05062106251716614,2,2,0.5,,,0.6337,1.0,0.3663,0.9592333333333334
atorvastatin,0.014573633670806885,0.011910084635019302,-0.08913201093673706,0.10951688885688782,0.0781789771155904,8,8,0.5,HMGCR inhibitor,DPP4,0.6426,1.0,0.3574,0.9592333333333334
BMS-509744,0.016116231679916382,0.016116231679916382,-0.049373626708984375,0.08160609006881714,0.06548985838890076,2,2,0.5,,,0.6499,1.0,0.3501,0.951601595744681
zonisamide,0.016299769282341003,0.016299769282341003,-0.08887353539466858,0.12147307395935059,0.10517330467700958,2,2,0.5,Sodium channel blocker,SCN11A,0.6506,1.0,0.3494,0.951601595744681
cefepime,0.017334774136543274,0.017334774136543274,-0.041083723306655884,0.07575327157974243,0.05841849744319916,2,2,0.5,,,0.6561,1.0,0.3439,0.9499075675675676
cilomilast,0.019358590245246887,0.017996254066626232,-0.07567864656448364,0.1099793016910553,0.07509446844021873,6,6,0.5,Phosphodiesterase inhibitor,PDE4A,0.66,1.0,0.34,0.9492380434782608
BIX-02188,0.01970939338207245,0.01970939338207245,-0.07559475302696228,0.11501353979110718,0.09530414640903473,2,2,0.5,,,0.6699,1.0,0.3301,0.942385635359116
ceforanide,0.01981160044670105,0.01981160044670105,-0.043786704540252686,0.08340990543365479,0.06359830498695374,2,2,0.5,,,0.6702,1.0,0.3298,0.942385635359116
pivmecillinam,0.020185545086860657,0.020185545086860657,-0.07339179515838623,0.11376288533210754,0.09357734024524689,2,2,0.5,,,0.6719,1.0,0.3281,0.942385635359116
cefotiam,0.020875021815299988,0.020875021815299988,-0.03971758484840393,0.0814676284790039,0.06059260666370392,2,2,0.5,,,0.6751,1.0,0.3249,0.942385635359116
betulinic-acid,0.02298794686794281,0.021768676737944286,-0.07880687713623047,0.12258940935134888,0.0915261813684335,6,6,0.5,Caspase activator,GPBAR1,0.6668,1.0,0.3332,0.942385635359116
QL-XII-47,0.028487585484981537,0.008556378384431204,-0.23209533095359802,0.18302875757217407,0.14445887005429212,6,6,0.5,,,0.6723,1.0,0.3277,0.942385635359116
L-689560,0.030569791793823242,0.002809153361753984,-0.1309351921081543,0.13099664449691772,0.09405183048936078,11,11,0.45454545454545453,,,0.535,0.995181560283688,0.466,0.9780859375000001
tofacitinib,0.03552725911140442,0.017209049314260483,-0.09874951839447021,0.1168627142906189,0.08128148171510705,8,8,0.375,JAK inhibitor,JAK1,0.6641,1.0,0.3359,0.943103846153846
tubocurarine,0.03639185428619385,0.005703797394579107,-0.09442928433418274,0.1257566213607788,0.07504574474762941,11,11,0.45454545454545453,Acetylcholine receptor antagonist,CHRNA2,0.5548,0.9998686619718309,0.446,0.9780859375000001
beclomethasone-dipropionate,0.0374685674905777,0.018664675454298656,-0.11710239946842194,0.1252003014087677,0.09942055232075458,6,6,0.5,Immunosuppressant,NR3C1,0.6785,1.0,0.3215,0.942385635359116
IB-MECA,0.03764110803604126,0.011247756580511728,-0.08545885980129242,0.08548909425735474,0.06415019290259845,9,9,0.4444444444444444,Adenosine receptor agonist,ADORA3,0.5492,0.995181560283688,0.4516,0.9780859375000001
simvastatin,0.03848111629486084,0.0004174510637919108,-0.1453532576560974,0.16770100593566895,0.10778865488046635,9,9,0.4444444444444444,HMGCR inhibitor,HMGCR,0.5557,0.9998686619718309,0.4449,0.9780859375000001
rifabutin,0.03912186622619629,0.02721280711037772,-0.0784173309803009,0.17279896140098572,0.08931276351722413,7,7,0.42857142857142855,,,0.565,1.0,0.4354,0.9780859375000001
lacidipine,0.03965367376804352,-0.00037220120429992676,-0.11571425199508667,0.08139386773109436,0.07958876686298609,6,6,0.3333333333333333,Calcium channel blocker,CACNA1C,0.6825,1.0,0.3175,0.942385635359116
dichlorobenzamil,0.039704740047454834,0.039704740047454834,0.039704740047454834,0.039704740047454834,0.0,1,1,0.0,,,0.5377,0.995181560283688,0.4627,0.9780859375000001
wortmannin,0.040037453174591064,-0.011702490540651174,-0.14667221903800964,0.07420432567596436,0.07641894813540219,13,13,0.46153846153846156,PI3K inhibitor,PIK3CA,0.6042,1.0,0.3969,0.9592333333333334
orantinib,0.040186867117881775,0.020712850615382195,-0.09020209312438965,0.1050078272819519,0.07364476420416226,8,8,0.375,FGFR inhibitor,FGFR1,0.6725,1.0,0.3275,0.942385635359116
benzydamine,0.040840864181518555,0.01624131734882082,-0.06622880697250366,0.1121634915471077,0.06680194400443389,7,7,0.42857142857142855,,,0.5795,1.0,0.4208,0.966812
WH-4023,0.04131472110748291,0.04131472110748291,0.04131472110748291,0.04131472110748291,0.0,1,1,0.0,,,0.5434,0.995181560283688,0.4568,0.9780859375000001
naloxone,0.04137060046195984,0.027107760987498543,-0.10272789001464844,0.14252659678459167,0.08051770875231325,11,11,0.36363636363636365,Opioid receptor antagonist,OPRD1,0.5955,1.0,0.405,0.9592333333333334
josamycin,0.041755110025405884,0.041755110025405884,-0.05436110496520996,0.13787132501602173,0.09611621499061584,2,2,0.5,,,0.7437,1.0,0.2563,0.9183706293706294
thioperamide,0.042014941573143005,0.022233700210397892,-0.10149875283241272,0.15199747681617737,0.08036607071940052,11,11,0.36363636363636365,Histamine receptor antagonist,HRH3,0.6067,1.0,0.3943,0.9592333333333334
GW-5074,0.042119693011045456,0.013580146245658398,-0.1500699520111084,0.11998867988586426,0.09555571648003512,8,8,0.375,RAF inhibitor,RAF1,0.6785,1.0,0.3215,0.942385635359116
zaprinast,0.042242974042892456,0.03943956643342972,-0.06754867732524872,0.10561874508857727,0.05382193569934643,6,6,0.16666666666666666,Phosphodiesterase inhibitor,PDE5A,0.6881,1.0,0.3119,0.942385635359116
salubrinal,0.043118733912706375,0.043118733912706375,-0.055369339883327484,0.14160680770874023,0.09848807379603386,2,2,0.5,Eukaryotic translation initiation factor inhibitor,EIF2S1,0.7463,1.0,0.2537,0.9183706293706294
acarbose,0.043395280838012695,0.002291911704973741,-0.1215665340423584,0.11064934730529785,0.08261318482463,11,11,0.45454545454545453,Glucosidase inhibitor,GAA,0.6166,1.0,0.3837,0.9592333333333334
taxifolin,0.04380500316619873,0.03808732827504476,-0.03536707162857056,0.07358336448669434,0.035273014994483196,6,6,0.16666666666666666,Opioid receptor antagonist,ADIPOR2,0.6934,1.0,0.3066,0.942385635359116
fluphenazine,0.044077277183532715,-0.0044127462638749015,-0.14369428157806396,0.12368422746658325,0.09406893076003352,9,9,0.4444444444444444,Dopamine receptor antagonist,DRD1,0.6074,1.0,0.3935,0.9592333333333334
estriol,0.044903069734573364,0.003630779110468351,-0.11169785261154175,0.13668163120746613,0.08487927339716476,13,13,0.46153846153846156,Estrogen receptor agonist,ESR1,0.6538,1.0,0.347,0.951601595744681
prothionamide,0.045034587383270264,0.045034587383270264,0.045034587383270264,0.045034587383270264,0.0,1,1,0.0,,,0.5578,1.0,0.4422,0.9780859375000001
GBR-12783,0.045151472091674805,0.02776646986603737,-0.05853240191936493,0.14858967065811157,0.07421499751842271,12,12,0.4166666666666667,,,0.6947,1.0,0.3053,0.942385635359116
lapatinib,0.045519448816776276,0.012914339701334635,-0.1683916449546814,0.16019800305366516,0.09970578609508868,12,12,0.4166666666666667,EGFR inhibitor,EGFR,0.698,1.0,0.302,0.942385635359116
flunarizine,0.04588105529546738,0.016586848845084507,-0.13285359740257263,0.14325205981731415,0.08799258488994142,12,12,0.3333333333333333,Calcium channel blocker,CACNA1H,0.7013,1.0,0.2987,0.942385635359116
topotecan,0.04590395838022232,0.019480609231524997,-0.0700421929359436,0.07737335562705994,0.056834894202516556,9,9,0.3333333333333333,Topoisomerase inhibitor,TOP1,0.6269,1.0,0.3742,0.9592333333333334
sertraline,0.04675358533859253,0.031609694163004555,-0.07101380825042725,0.13650751113891602,0.07448686766171177,6,6,0.3333333333333333,Serotonin receptor antagonist,SLC6A4,0.7065,1.0,0.2935,0.942385635359116
tranilast,0.046970829367637634,0.0030685854809624808,-0.08798582851886749,0.0827980637550354,0.07207139620936605,7,7,0.42857142857142855,,,0.6324,1.0,0.3683,0.9592333333333334
calcifediol,0.047009795904159546,0.047009795904159546,0.03179067373275757,0.06222891807556152,0.015219122171401978,2,2,0.0,Vitamin D receptor agonist,VDR,0.7563,1.0,0.2437,0.9089832116788321
estropipate,0.04702192544937134,0.02024529129266739,-0.10459813475608826,0.091236412525177,0.067205018104618,8,8,0.25,,,0.7047,1.0,0.2953,0.942385635359116
NCS-382,0.0474967360496521,-0.002011937399705251,-0.15118587017059326,0.11582335829734802,0.09443134771453902,12,12,0.4166666666666667,GABA receptor antagonist,GABBR1,0.7176,1.0,0.2824,0.942385635359116
nitrendipine,0.0477595329284668,0.030852423182555606,-0.055793702602386475,0.10908609628677368,0.0570499447570071,7,7,0.2857142857142857,Calcium channel blocker,CACNA1C,0.6385,1.0,0.3619,0.9592333333333334
nisoldipine,0.04867243766784668,0.06234457095464071,0.03896278142929077,0.09939849376678467,0.02649923587444204,3,3,0.0,Calcium channel blocker,CACNA1C,0.607,1.0,0.393,0.9592333333333334
calcitriol,0.04918617010116577,0.015917799793756925,-0.0898386538028717,0.09345221519470215,0.069654192108387,13,13,0.38461538461538464,Vitamin D receptor agonist,VDR,0.7104,1.0,0.2903,0.942385635359116
OSI-027,0.04974803328514099,0.01763906205693881,-0.09503421187400818,0.14138731360435486,0.07634227624664064,12,12,0.4166666666666667,MTOR inhibitor,MTOR,0.743,1.0,0.257,0.9183706293706294
linsitinib,0.04977782070636749,0.023187637329101562,-0.07607227563858032,0.201084166765213,0.08523118307652638,11,11,0.45454545454545453,IGF-1 inhibitor,IGF1R,0.6934,1.0,0.3071,0.942385635359116
doxepin,0.0498630553483963,0.021404974735700168,-0.07587018609046936,0.11794102191925049,0.06794892167412116,13,13,0.38461538461538464,Histamine receptor antagonist,HRH1,0.7198,1.0,0.2811,0.942385635359116
etomidate,0.04997260868549347,0.01814966435943331,-0.12324106693267822,0.09865374118089676,0.072059430035428,7,7,0.2857142857142857,GABA receptor modulator,GABRA1,0.667,1.0,0.3338,0.942385635359116
huperzine-a,0.05028010532259941,0.0012503493991163042,-0.1280888319015503,0.10005059838294983,0.08205399752440089,9,9,0.4444444444444444,Glutamate receptor antagonist,ACHE,0.6756,1.0,0.3249,0.942385635359116
pancuronium,0.05043867230415344,0.05043867230415344,0.05043867230415344,0.05043867230415344,0.0,1,1,0.0,,,0.5841,1.0,0.4162,0.9635009049773756
genistein,0.05046522617340088,-0.014231284910982306,-0.18100404739379883,0.16700488328933716,0.10944201591840717,11,11,0.45454545454545453,Tyrosine kinase inhibitor,CFTR,0.7024,1.0,0.2985,0.942385635359116
lasalocid,0.050478994846343994,0.008844006392690871,-0.12034979462623596,0.11697548627853394,0.08615172126859241,9,9,0.4444444444444444,,,0.6791,1.0,0.3213,0.942385635359116
mitomycin-c,0.05049201846122742,0.016015694787104923,-0.11596173048019409,0.10167291760444641,0.08073605008461993,6,6,0.3333333333333333,,,0.7277,1.0,0.2723,0.942385635359116
XMD-1185H,0.051172614097595215,0.06019551555315653,0.04537463188171387,0.0937684178352356,0.017530190398424933,6,6,0.0,,,0.7319,1.0,0.2681,0.93835
toremifene,0.051497310400009155,0.008065447211265564,-0.14783623814582825,0.08308219909667969,0.08255065686964244,8,8,0.375,Estrogen receptor antagonist,ESR1,0.7433,1.0,0.2567,0.9183706293706294
crotamiton,0.051567912101745605,0.051567912101745605,0.051567912101745605,0.051567912101745605,0.0,1,1,0.0,,,0.5912,1.0,0.4089,0.9592333333333334
cymarin,0.05172920227050781,0.05172920227050781,0.05172920227050781,0.05172920227050781,0.0,1,1,0.0,ATPase inhibitor,ATP1A1,0.5921,1.0,0.408,0.9592333333333334
alimemazine,0.05278503894805908,0.05278503894805908,0.05278503894805908,0.05278503894805908,0.0,1,1,0.0,Histamine receptor ligand,HRH1,0.5983,1.0,0.402,0.9592333333333334
medetomidine,0.0528331995010376,0.008530467748641968,-0.08968469500541687,0.09660288691520691,0.0800529438348222,5,5,0.4,Adrenergic receptor agonist,ADRA2A,0.6736,1.0,0.3272,0.942385635359116
suloctidil,0.053211748600006104,0.052808917231029935,-0.06710964441299438,0.1674952507019043,0.08703855587428122,9,9,0.3333333333333333,,,0.7225,1.0,0.2782,0.942385635359116
formoterol,0.05337534844875336,0.013363278337887355,-0.165154367685318,0.10245934128761292,0.0896809199735769,7,7,0.2857142857142857,Adrenergic receptor agonist,ADRB2,0.7149,1.0,0.2855,0.942385635359116
methysergide,0.053700271993875504,0.02087331625322501,-0.1085471510887146,0.13346999883651733,0.08387462867026232,12,12,0.4166666666666667,Serotonin receptor antagonist,HTR1B,0.7942,1.0,0.2058,0.8713894736842106
ozagrel,0.053774476051330566,0.001488836748259408,-0.12141713500022888,0.10019636154174805,0.07752723603935832,7,7,0.42857142857142855,Thromboxane synthase inhibitor,TBXAS1,0.7179,1.0,0.2829,0.942385635359116
catechin,0.05401602387428284,0.06207562983036041,0.04189121723175049,0.09837925434112549,0.021629141700954486,4,4,0.0,,,0.7532,1.0,0.2468,0.9138753623188406
mifepristone,0.054501116275787354,0.005377725831099919,-0.14006102085113525,0.10527411103248596,0.08799107961374979,14,14,0.42857142857142855,Progesterone receptor antagonist,NR3C1,0.8094,1.0,0.1906,0.8713894736842106
azacitidine,0.054502934217453,0.021095655858516693,-0.10949718952178955,0.14603197574615479,0.0836415849248564,12,12,0.3333333333333333,DNA methyltransferase inhibitor,DNMT1,0.8043,1.0,0.1957,0.8713894736842106
manumycin-a,0.05452290177345276,0.011654936841556005,-0.13231372833251953,0.11901849508285522,0.09200260505758878,14,14,0.42857142857142855,NFKB pathway inhibitor,FNTA,0.8095,1.0,0.1905,0.8713894736842106
rivaroxaban,0.05461638420820236,0.002801102896531423,-0.13124322891235352,0.07862448692321777,0.0846260759174811,6,6,0.3333333333333333,Coagulation factor inhibitor,F10,0.7628,1.0,0.2372,0.8912441176470588
fluvastatin,0.05466703325510025,0.05466703325510025,0.050378188490867615,0.058955878019332886,0.0042888447642326355,2,2,0.0,HMGCR inhibitor,HMGCR,0.7778,1.0,0.2222,0.8713894736842106
lonidamine,0.054776787757873535,0.048299968242645264,-0.0701906681060791,0.16777798533439636,0.07772184456729575,9,9,0.3333333333333333,,,0.7481,1.0,0.2527,0.9183706293706294
desoxycortone,0.05502796173095703,0.05502796173095703,0.05502796173095703,0.05502796173095703,0.0,1,1,0.0,Mineralocorticoid receptor agonist,NR3C2,0.6148,1.0,0.3855,0.9592333333333334
finasteride,0.055094823241233826,0.0031651123003526168,-0.11183583736419678,0.1309916079044342,0.08547290475146739,11,11,0.45454545454545453,5 alpha reductase inhibitor,SRD5A1,0.7817,1.0,0.2193,0.8713894736842106
benazepril,0.055125534534454346,0.03318828982966287,-0.14062929153442383,0.12970565259456635,0.09954097586993635,7,7,0.2857142857142857,Angiotensin converting enzyme inhibitor,ACE,0.7397,1.0,0.2615,0.9279618055555555
TTNPB,0.05515369772911072,0.0096022579818964,-0.10887300968170166,0.09656992554664612,0.07994097521003768,12,12,0.4166666666666667,Retinoid receptor agonist,RARB,0.8119,1.0,0.1881,0.8713894736842106
carbenoxolone,0.055294185876846313,0.008690178394317627,-0.13775312900543213,0.11609971523284912,0.09919479969572895,11,11,0.36363636363636365,11-beta-HSD1 inhibitor,HSD11B1,0.7857,1.0,0.2148,0.8713894736842106
meropenem,0.05538769066333771,0.05538769066333771,0.05389505624771118,0.05688032507896423,0.0014926344156265259,2,2,0.0,,,0.7804,1.0,0.2196,0.8713894736842106
H-9,0.055610209703445435,0.025355227291584015,-0.1154228001832962,0.12642574310302734,0.07725008876127132,12,12,0.3333333333333333,PKA inhibitor,PRKACA,0.8165,1.0,0.1835,0.8713894736842106
AM-404,0.05611430108547211,0.020678048332532246,-0.13233071565628052,0.09635454416275024,0.07760144611017497,6,6,0.3333333333333333,FAAH inhibitor,TRPV1,0.7739,1.0,0.2261,0.8713894736842106
safinamide,0.05619838647544384,0.056148421640197434,-0.07516168057918549,0.16617995500564575,0.07078659176423605,6,6,0.16666666666666666,Glutamate inhibitor,MAOB,0.7745,1.0,0.2255,0.8713894736842106
THZ-2-98-01,0.05625016987323761,0.03335463503996531,-0.06874662637710571,0.11029505729675293,0.06979067734772804,6,6,0.3333333333333333,,,0.7755,1.0,0.2245,0.8713894736842106
penitrem-a,0.05645132064819336,0.05645132064819336,0.05645132064819336,0.05645132064819336,0.0,1,1,0.0,Potassium channel blocker,KCNMA1,0.6252,1.0,0.3754,0.9592333333333334
chlortetracycline,0.056935302913188934,0.056935302913188934,0.048733413219451904,0.06513719260692596,0.00820188969373703,2,2,0.0,,,0.7853,1.0,0.2147,0.8713894736842106
acitretin,0.056953176856040955,0.056953176856040955,0.03688126802444458,0.07702508568763733,0.020071908831596375,2,2,0.0,Retinoid receptor agonist,RARA,0.7855,1.0,0.2145,0.8713894736842106
tretinoin,0.05706864595413208,0.0008629510800043742,-0.1264619529247284,0.11537328362464905,0.0886510623881971,15,15,0.4666666666666667,Retinoid receptor ligand,RARA,0.8468,1.0,0.1537,0.8537032608695653
miglitol,0.0581321120262146,0.05244378000497818,-0.038916051387786865,0.13242694735527039,0.061855871908839004,4,4,0.25,Glucosidase inhibitor,GAA,0.7765,1.0,0.2235,0.8713894736842106
WHI-P154,0.05818434804677963,0.05818434804677963,0.04894237220287323,0.06742632389068604,0.009241975843906403,2,2,0.0,JAK inhibitor,EGFR,0.7892,1.0,0.2108,0.8713894736842106
nutlin-3,0.058269813656806946,0.027560358867049217,-0.09052792191505432,0.11723805963993073,0.07390785597960077,8,8,0.375,MDM inhibitor,MDM2,0.8132,1.0,0.1868,0.8713894736842106
targinine,0.058311060070991516,0.015100693702697754,-0.0783880352973938,0.09003248810768127,0.06893497654647592,5,5,0.4,,,0.7359,1.0,0.2644,0.9317820689655174
capsaicin,0.058746933937072754,0.03856514607157026,-0.07692104578018188,0.14868038892745972,0.0761205963483672,7,7,0.2857142857142857,TRPV agonist,TRPV1,0.7804,1.0,0.2198,0.8713894736842106
calcipotriol,0.05875563621520996,0.06493342916170756,0.050350695848464966,0.08569395542144775,0.015075594926417918,3,3,0.0,Vitamin D receptor agonist,VDR,0.7014,1.0,0.2993,0.942385635359116
NVP-AEW541,0.05881012976169586,0.04825684641088758,-0.10469847917556763,0.12154227495193481,0.06767689060075277,7,7,0.14285714285714285,IGF-1 inhibitor,IGF1R,0.7821,1.0,0.2186,0.8713894736842106
docetaxel,0.05911672115325928,-0.002069417919431414,-0.149024099111557,0.11274459958076477,0.10427601300007293,7,7,0.42857142857142855,Tubulin inhibitor,TUBB,0.7861,1.0,0.2145,0.8713894736842106
thapsigargin,0.05926656723022461,0.03469612201054891,-0.10066333413124084,0.14090514183044434,0.07580002227487921,9,9,0.3333333333333333,ATPase inhibitor,ATP2A1,0.8078,1.0,0.1923,0.8713894736842106
budesonide,0.05938756465911865,0.011609958277808296,-0.1398296058177948,0.14719054102897644,0.10266622218436462,9,9,0.4444444444444444,Glucocorticoid receptor agonist,NR3C1,0.8083,1.0,0.1922,0.8713894736842106
artesunate,0.05975741147994995,0.03581334437642779,-0.05775287747383118,0.08631721138954163,0.05798868687910078,7,7,0.2857142857142857,,,0.7905,1.0,0.2102,0.8713894736842106
sorafenib,0.06004452705383301,0.008694198396470811,-0.16643202304840088,0.16565752029418945,0.0978429554979377,18,18,0.4444444444444444,KIT inhibitor,FGFR1,0.9055,1.0,0.0945,0.6846
SANT-1,0.060393959283828735,0.0479746013879776,-0.05755031108856201,0.12866079807281494,0.06793765005436783,4,4,0.25,Smoothened receptor antagonist,SHH,0.7908,1.0,0.2092,0.8713894736842106
tranylcypromine,0.06060659885406494,0.03496473176138742,-0.05916392803192139,0.10535523295402527,0.060644239565056636,7,7,0.2857142857142857,Monoamine oxidase inhibitor,KDM1A,0.7996,1.0,0.2009,0.8713894736842106
lenalidomide,0.060731932520866394,0.03080897182226181,-0.07178092002868652,0.09463551640510559,0.06104353241282055,10,10,0.3,Anti-cancer agent,CRBN,0.8546,1.0,0.1454,0.8348247191011237
tamoxifen,0.06077432632446289,0.007779709421671354,-0.18645167350769043,0.12528550624847412,0.09885855102338169,13,13,0.46153846153846156,Estrogen receptor antagonist,ESR1,0.8712,1.0,0.1295,0.7877916666666668
rifapentine,0.060781195759773254,0.016783776027815684,-0.08336493372917175,0.11621284484863281,0.07825777955962873,7,7,0.42857142857142855,RNA polymerase inhibitor,CYP2C8,0.8022,1.0,0.1983,0.8713894736842106
biperiden,0.061196863651275635,0.028882422126256503,-0.12596648931503296,0.19446519017219543,0.10699800944202557,13,13,0.38461538461538464,Acetylcholine receptor antagonist,CHRM1,0.8775,1.0,0.1227,0.7739780487804878
norgestimate,0.06123626232147217,0.06123626232147217,0.06123626232147217,0.06123626232147217,0.0,1,1,0.0,Progesterone receptor agonist,PGR,0.6583,1.0,0.3418,0.9492380434782608
AMG-9810,0.06127268821001053,0.06127268821001053,0.05911576747894287,0.06342960894107819,0.0021569207310676575,2,2,0.0,TRPV antagonist,TRPV1,0.8018,1.0,0.1982,0.8713894736842106
aprepitant,0.06190669536590576,0.06917237043380738,0.05736011266708374,0.09946632385253906,0.015355917076063829,5,5,0.0,Tachykinin antagonist,TACR1,0.7718,1.0,0.2287,0.8721320895522388
phentolamine,0.061957165598869324,0.03867406717368534,-0.07113248109817505,0.11404198408126831,0.07059498613437834,7,7,0.2857142857142857,Adrenergic receptor antagonist,ADRA1A,0.8208,1.0,0.1798,0.8713894736842106
digoxigenin,0.06203785538673401,0.06203785538673401,0.06092149019241333,0.06315422058105469,0.0011163651943206787,2,2,0.0,,,0.8035,1.0,0.1965,0.8713894736842106
everolimus,0.06210976839065552,0.023151438931624094,-0.14536935091018677,0.1343861073255539,0.08616442905122139,15,15,0.3333333333333333,MTOR inhibitor,MTOR,0.912,1.0,0.0887,0.6846
ramipril,0.06230270862579346,0.06991714877741677,0.04358457028865814,0.10600095987319946,0.019576509179286897,7,7,0.0,Angiotensin converting enzyme inhibitor,ACE,0.8248,1.0,0.1755,0.8713894736842106
securinine,0.06274403631687164,0.06274403631687164,0.06274403631687164,0.06274403631687164,0.0,1,1,0.0,TP53 activator,GABRA1,0.6666,1.0,0.3337,0.942385635359116
deforolimus,0.06300753355026245,0.022601157426834106,-0.10439878702163696,0.11872422695159912,0.08735299885954045,6,6,0.3333333333333333,MTOR inhibitor,MTOR,0.8318,1.0,0.1682,0.8713894736842106
bortezomib,0.06401416659355164,0.015968042115370434,-0.13196086883544922,0.11199158430099487,0.08056480140198609,12,12,0.3333333333333333,Proteasome inhibitor,PSMB1,0.9068,1.0,0.0932,0.6846
homatropine,0.06459599733352661,0.05134242347308567,-0.043698668479919434,0.09571570158004761,0.041650441665603596,7,7,0.14285714285714285,Acetylcholine receptor antagonist,CHRM1,0.8444,1.0,0.156,0.8571612903225806
vinorelbine,0.06466241180896759,0.034358814890895574,-0.09669965505599976,0.18436649441719055,0.08600975718121295,14,14,0.35714285714285715,Tubulin inhibitor,TUBB,0.9217,1.0,0.0783,0.678157627118644
CHIR-99021,0.06492412090301514,0.06492412090301514,0.06492412090301514,0.06492412090301514,0.0,1,1,0.0,,,0.6791,1.0,0.3213,0.942385635359116
AT-CSC-18,0.0652020275592804,0.048264291137456894,-0.11736363172531128,0.10837256908416748,0.0663246966872712,8,8,0.125,,,0.8758,1.0,0.1242,0.7739780487804878
griseofulvin,0.06557989120483398,0.020148820110729763,-0.12091720104217529,0.13364094495773315,0.09065231949177964,7,7,0.42857142857142855,,,0.8531,1.0,0.1474,0.8369044444444445
tacrolimus,0.06610485911369324,0.046495274773665836,-0.1335914134979248,0.16007286310195923,0.09569967073353994,14,14,0.2857142857142857,Calcineurin inhibitor,FKBP1A,0.9332,1.0,0.0668,0.6779875000000001
GDC-0068,0.0663752406835556,0.025005313754081725,-0.14788436889648438,0.15878742933273315,0.10193781476821802,10,10,0.4,Akt inhibitor,AKT3,0.905,1.0,0.095,0.6846
digitoxin,0.0663878321647644,0.0663878321647644,0.0663878321647644,0.0663878321647644,0.0,1,1,0.0,ATPase inhibitor,ATP1A1,0.6865,1.0,0.314,0.942385635359116
retinol,0.06638830900192261,0.04770884605554434,-0.07151785492897034,0.12681801617145538,0.06723227431912494,13,13,0.23076923076923078,Retinoid receptor ligand,RXRA,0.9206,1.0,0.08,0.6813333333333333
erythromycin,0.06641992926597595,0.031540135542551674,-0.05055689811706543,0.0787573754787445,0.058269462251076626,3,3,0.3333333333333333,NFKB pathway inhibitor,MLNR,0.7644,1.0,0.2357,0.8912441176470588
naltrindole,0.06647124886512756,0.02910137176513672,-0.08485209941864014,0.09446638822555542,0.06828116992763232,6,6,0.3333333333333333,Opioid receptor antagonist,OPRD1,0.8612,1.0,0.1388,0.8181806818181818
digoxin,0.06669649481773376,0.06095696116487185,-0.12435704469680786,0.14185380935668945,0.07196886397894042,12,12,0.16666666666666666,ATPase inhibitor,ATP1A1,0.9273,1.0,0.0727,0.6779875000000001
minoxidil,0.0667237639427185,0.03155067231920031,-0.0659455955028534,0.09288716316223145,0.06292510093715821,9,9,0.3333333333333333,Vasodilator,ABCC9,0.8797,1.0,0.1208,0.7739780487804878
iloprost,0.06775444746017456,0.03154258926709493,-0.07307189702987671,0.09994521737098694,0.07513190389462684,3,3,0.3333333333333333,Prostanoid receptor agonist,PTGER1,0.7734,1.0,0.2268,0.8713894736842106
methotrexate,0.06809863448143005,0.08457650740941365,0.05005139112472534,0.13557949662208557,0.03680945919791973,3,3,0.0,Dihydrofolate reductase inhibitor,DHFR,0.7757,1.0,0.2247,0.8713894736842106
amlodipine,0.06845560669898987,0.04162737940038953,-0.100075364112854,0.14038456976413727,0.08041103706871545,7,7,0.2857142857142857,Calcium channel blocker,CACNA1C,0.8714,1.0,0.1292,0.7877916666666668
asenapine,0.06871935725212097,0.06871935725212097,0.037713050842285156,0.09972566366195679,0.031006306409835815,2,2,0.0,Dopamine receptor antagonist,ADRB2,0.8305,1.0,0.1695,0.8713894736842106
silibinin,0.0688021183013916,0.0688021183013916,0.0688021183013916,0.0688021183013916,0.0,1,1,0.0,,,0.699,1.0,0.3011,0.942385635359116
radicicol,0.06896615028381348,0.02803634934955173,-0.12765485048294067,0.15012356638908386,0.09636092121424472,9,9,0.3333333333333333,,,0.8966,1.0,0.1035,0.6921727272727273
pravastatin,0.06908850371837616,0.037076810374855995,-0.15297451615333557,0.14272916316986084,0.093287220749915,12,12,0.3333333333333333,HMGCR inhibitor,HMGCR,0.9423,1.0,0.0577,0.6701068181818182
vincamine,0.06913158297538757,0.020288115739822386,-0.11512947082519531,0.12378048896789551,0.09602755584738769,5,5,0.4,,,0.8321,1.0,0.1683,0.8713894736842106
ivermectin,0.06985154747962952,0.06985154747962952,0.030282437801361084,0.10942065715789795,0.03956910967826843,2,2,0.0,,,0.8359,1.0,0.1641,0.8713894736842106
ranitidine,0.07041315734386444,0.04068967948357264,-0.13462120294570923,0.13508498668670654,0.08634583282698433,12,12,0.25,Histamine receptor antagonist,HRH2,0.9484,1.0,0.0516,0.6132
oxymetholone,0.07075299322605133,0.07075299322605133,0.043158382177352905,0.09834760427474976,0.027594611048698425,2,2,0.0,Androgen receptor agonist,AR,0.8392,1.0,0.1608,0.8713894736842106
fulvestrant,0.07076126337051392,0.04507527417606778,-0.10095983743667603,0.14549946784973145,0.07318293690144849,9,9,0.2222222222222222,Estrogen receptor antagonist,ESR1,0.9128,1.0,0.0874,0.6846
withaferin-a,0.07094088196754456,0.006407719519403245,-0.15553683042526245,0.13720181584358215,0.11504410195599836,9,9,0.4444444444444444,IKK inhibitor,NAMPT,0.9145,1.0,0.0858,0.6846
cyclosporin-a,0.07094202190637589,0.03267058916389942,-0.11686867475509644,0.1679975390434265,0.08958266307817017,16,16,0.375,Calcineurin inhibitor,PPIA,0.9691,1.0,0.0309,0.46440882352941176
metergoline,0.07106369733810425,0.05029581806489399,-0.06567062437534332,0.12832343578338623,0.06903809394195169,7,7,0.2857142857142857,Dopamine receptor agonist,HTR1A,0.8958,1.0,0.1043,0.6921727272727273
alvespimycin,0.07191979885101318,0.013097269194466727,-0.11560016870498657,0.11539435386657715,0.09216228467725757,7,7,0.42857142857142855,HSP inhibitor,HSP90AA1,0.9024,1.0,0.0978,0.6846
gabazine,0.07215577363967896,0.0037955045700073242,-0.1694411039352417,0.09817621111869812,0.10849677035417056,8,8,0.375,GABA receptor antagonist,GABRA1,0.9271,1.0,0.0729,0.6779875000000001
MK-801,0.07275158166885376,0.07275158166885376,0.05415213108062744,0.09135103225708008,0.01859945058822632,2,2,0.0,,,0.8477,1.0,0.1523,0.8537032608695653
EPZ-5676,0.07401645183563232,0.0687362551689148,0.05745774507522583,0.07473456859588623,0.007980497702542211,3,3,0.0,DOT1L inhibitor,DOT1L,0.8211,1.0,0.1797,0.8713894736842106
clomifene,0.07425886392593384,0.044835942869003005,-0.12144052982330322,0.2491416335105896,0.1074930017965358,13,13,0.3076923076923077,Estrogen receptor antagonist,ESR1,0.9649,1.0,0.0357,0.5067416666666668
niguldipine,0.07463783025741577,0.05703753481308619,-0.17140346765518188,0.1355547308921814,0.08413207669926405,9,9,0.1111111111111111,Calcium channel blocker,ADRA1A,0.9348,1.0,0.0653,0.6779875000000001
trifluridine,0.07532574981451035,0.057892877608537674,-0.04025653004646301,0.12117654085159302,0.0605227295734747,4,4,0.25,Thymidylate synthase inhibitor,TYMS,0.8898,1.0,0.1102,0.7219512820512821
alclometasone,0.07546323910355568,0.07546323910355568,0.05622587352991104,0.09470060467720032,0.019237365573644638,2,2,0.0,Glucocorticoid receptor agonist,NR3C1,0.8591,1.0,0.1409,0.8181806818181818
caffeic-acid,0.0755443423986435,0.06358570499079567,-0.039382994174957275,0.12113252282142639,0.04609319871907361,7,7,0.14285714285714285,Lipoxygenase inhibitor,ALOX5,0.9222,1.0,0.0779,0.678157627118644
icariin,0.07581314444541931,0.07581314444541931,0.057614028453826904,0.09401226043701172,0.018199115991592407,2,2,0.0,,,0.8607,1.0,0.1393,0.8181806818181818
metoprolol,0.07644006609916687,0.07644006609916687,0.038260698318481445,0.1146194338798523,0.038179367780685425,2,2,0.0,Adrenergic receptor antagonist,ADRB1,0.8637,1.0,0.1363,0.8181806818181818
selegiline,0.07670104503631592,0.08256511603082929,0.06196632981300354,0.10966765880584717,0.017761761540656562,7,7,0.0,Monoamine oxidase inhibitor,MAOA,0.9285,1.0,0.0721,0.6779875000000001
altrenogest,0.07726243883371353,0.07146516193946202,-0.06871408224105835,0.16808274388313293,0.07263524694089607,6,6,0.16666666666666666,Progestogen hormone,PGR,0.9297,1.0,0.0703,0.6779875000000001
floxuridine,0.07752574607729912,0.058305555023252964,-0.08784744143486023,0.2021423727273941,0.10377523398059012,8,8,0.375,,,0.9528,1.0,0.0472,0.5742666666666667
reboxetine,0.07772761583328247,0.0655815941946847,-0.049098193645477295,0.12107571959495544,0.05075719865873629,7,7,0.14285714285714285,Adrenergic receptor antagonist,SLC6A2,0.9339,1.0,0.0663,0.6779875000000001
puromycin,0.07778900861740112,0.0499854792248119,-0.11189675331115723,0.1820109486579895,0.10438775903579017,11,11,0.36363636363636365,,,0.9675,1.0,0.0327,0.47742000000000007
cefdinir,0.07799524068832397,0.03386887311935425,-0.16063523292541504,0.1030188798904419,0.09890835669976017,5,5,0.2,,,0.9001,1.0,0.1001,0.6912310810810811
mirtazapine,0.07820609211921692,0.04703663502420698,-0.07757455110549927,0.1695144772529602,0.07951249323963414,7,7,0.2857142857142857,Serotonin receptor antagonist,ADRA2A,0.9379,1.0,0.0627,0.6779875000000001
AG-490,0.07872094213962555,0.05128260267277559,-0.12296660244464874,0.16485828161239624,0.09231895819117897,12,12,0.25,JAK inhibitor,JAK2,0.9822,1.0,0.0178,0.31541034482758623
resveratrol,0.07877480983734131,0.06721726059913635,-0.1098986268043518,0.176091730594635,0.07621594800858265,11,11,0.18181818181818182,SIRT activator,SIRT1,0.9713,1.0,0.0287,0.45215757575757576
maprotiline,0.07887148857116699,0.042273495346307755,-0.10499823093414307,0.11281424760818481,0.0813170892140375,8,8,0.25,Tricyclic antidepressant,SLC6A2,0.9575,1.0,0.0425,0.549325
etomoxir,0.0791735053062439,0.05348237231373787,-0.09334221482276917,0.13364002108573914,0.08087629985610843,8,8,0.25,Carnitine palmitoyltransferase inhibitor,CPT1A,0.9588,1.0,0.0412,0.549325
tetracycline,0.07988107204437256,0.07988107204437256,0.05270671844482422,0.1070554256439209,0.02717435359954834,2,2,0.0,,,0.878,1.0,0.122,0.7739780487804878
etoposide,0.08101308345794678,0.05859904397617687,-0.082755446434021,0.11789661645889282,0.06511476399404108,11,11,0.18181818181818182,Topoisomerase inhibitor,TOP2A,0.9795,1.0,0.0205,0.34918333333333335
pregnenolone,0.0816250741481781,0.05456266126462391,-0.0843190997838974,0.16154810786247253,0.08091308476338634,14,14,0.2857142857142857,,,0.9908,1.0,0.0092,0.2611777777777778
vincristine,0.08224719762802124,0.09123685685071078,0.055348753929138184,0.1574285626411438,0.03125643123157809,11,11,0.0,Tubulin inhibitor,TUBB,0.983,1.0,0.0171,0.31541034482758623
alprostadil,0.08231091499328613,0.0633169837296009,-0.06024455651640892,0.14095696806907654,0.06651297227113129,5,5,0.2,Prostanoid receptor agonist,PTGER1,0.9259,1.0,0.0743,0.6779875000000001
cycloheximide,0.08307048678398132,0.06311410026890892,-0.14816027879714966,0.16433125734329224,0.0814422628693396,14,14,0.14285714285714285,Protein synthesis inhibitor,RPL3,0.9929,1.0,0.0071,0.24591875000000002
HG-5-88-01,0.08339999616146088,0.0655976062019666,-0.06668481230735779,0.13441039621829987,0.0665279296990669,6,6,0.16666666666666666,,,0.957,1.0,0.043,0.549325
piceatannol,0.0843997597694397,0.06298153102397919,-0.08951330184936523,0.10493358969688416,0.05964482180625741,13,13,0.15384615384615385,,,0.9918,1.0,0.0082,0.24648235294117646
auranofin,0.08455762267112732,0.08455762267112732,0.08247220516204834,0.0866430401802063,0.0020854175090789795,2,2,0.0,,,0.8959,1.0,0.1041,0.6921727272727273
vinblastine,0.08494329452514648,0.059233761177613184,-0.10086590051651001,0.17533093690872192,0.0858114612003988,13,13,0.23076923076923078,Tubulin inhibitor,TUBB,0.9925,1.0,0.0075,0.24591875000000002
verteporfin,0.08635023236274719,0.08635023236274719,0.07618963718414307,0.09651082754135132,0.010160595178604126,2,2,0.0,,,0.9027,1.0,0.0973,0.6846
calmidazolium,0.08707982301712036,0.06593119270271725,-0.0905228853225708,0.1686381697654724,0.08099492686976428,9,9,0.2222222222222222,Calmodulin antagonist,ATP2B1,0.9843,1.0,0.0158,0.31541034482758623
OMDM-2,0.08738476037979126,0.08738476037979126,0.03979086875915527,0.13497865200042725,0.047593891620635986,2,2,0.0,,,0.9068,1.0,0.0932,0.6846
cytarabine,0.08744984865188599,0.0640898309648037,-0.11353558301925659,0.13834062218666077,0.07175131981405526,8,8,0.125,Ribonucleotide reductase inhibitor,POLA1,0.9823,1.0,0.0177,0.31541034482758623
SB-590885,0.08823055773973465,0.015124184841459448,-0.17140346765518188,0.14939716458320618,0.11438945174235056,11,11,0.45454545454545453,RAF inhibitor,BRAF,0.9923,1.0,0.0077,0.24591875000000002
amiprilose,0.08828556537628174,0.08828556537628174,0.08828556537628174,0.08828556537628174,0.0,1,1,0.0,,,0.8118,1.0,0.1885,0.8713894736842106
pemetrexed,0.08891752362251282,0.08891752362251282,0.08110928535461426,0.09672576189041138,0.00780823826789856,2,2,0.0,Thymidylate synthase inhibitor,DHFR,0.912,1.0,0.088,0.6846
BW-B70C,0.0892305076122284,0.05028795637190342,-0.12367093563079834,0.13901841640472412,0.09935435184723337,8,8,0.25,Lipoxygenase inhibitor,ALOX5,0.9849,1.0,0.0151,0.31541034482758623
brivanib,0.08958455920219421,0.0532115176320076,-0.11393243074417114,0.14096888899803162,0.08961468239729015,8,8,0.25,FGFR inhibitor,FGFR1,0.9853,1.0,0.0147,0.31541034482758623
thiothixene,0.08982580900192261,0.03920562399758233,-0.10210233926773071,0.16986730694770813,0.0993825969540804,9,9,0.3333333333333333,Dopamine receptor antagonist,HTR2A,0.9881,1.0,0.0122,0.29686666666666667
ZG-10,0.08998530730605125,0.08998530730605125,0.06162445992231369,0.11834615468978882,0.028360847383737564,2,2,0.0,,,0.9154,1.0,0.0846,0.6846
dorzolamide,0.09017686545848846,0.09017686545848846,0.07168054580688477,0.10867318511009216,0.0184963196516037,2,2,0.0,Carbonic anhydrase inhibitor,CA1,0.9159,1.0,0.0841,0.6846
ursolic-acid,0.09058704972267151,0.10895772171872002,0.058513619005680084,0.1984078288078308,0.04992629220292136,7,7,0.0,STAT inhibitor,HSD11B1,0.9823,1.0,0.0179,0.31541034482758623
entacapone,0.0918143093585968,0.0918143093585968,0.08995276689529419,0.09367585182189941,0.0018615424633026123,2,2,0.0,Catechol O methyltransferase inhibitor,COMT,0.9224,1.0,0.0776,0.678157627118644
amantadine,0.09296807646751404,0.09296807646751404,0.07654434442520142,0.10939180850982666,0.016423732042312622,2,2,0.0,,,0.9265,1.0,0.0735,0.6779875000000001
garcinol,0.09348432719707489,0.09348432719707489,0.07776474952697754,0.10920390486717224,0.01571957767009735,2,2,0.0,,,0.9285,1.0,0.0715,0.6779875000000001
triciribine,0.09372860193252563,0.07140579590430626,-0.14400777220726013,0.163709819316864,0.09197552456313386,13,13,0.23076923076923078,Akt inhibitor,AKT3,0.9979,1.0,0.0021,0.1533
amikacin,0.0963270515203476,0.0963270515203476,0.08509683609008789,0.1075572669506073,0.011230215430259705,2,2,0.0,,,0.9365,1.0,0.0635,0.6779875000000001
fenretinide,0.09664854407310486,0.07634978493054707,-0.08471140265464783,0.15010294318199158,0.05737805797327728,12,12,0.08333333333333333,Apoptosis stimulant,RARA,0.9987,1.0,0.0013,0.11071666666666667
mibefradil,0.09717097878456116,0.05005074106156826,-0.17019543051719666,0.15210291743278503,0.10201008850381217,8,8,0.25,T-type calcium channel blocker,CACNA1C,0.9941,1.0,0.0059,0.24591875000000002
amiodarone,0.09770327806472778,0.07748124854905265,-0.06598594784736633,0.16738522052764893,0.07180180842696061,7,7,0.14285714285714285,Potassium channel blocker,KCNH2,0.9895,1.0,0.0106,0.2850842105263158
NSC-632839,0.10011062026023865,0.08017229702737597,-0.0586419403553009,0.12390697002410889,0.05269118074668696,9,9,0.1111111111111111,Ubiquitin specific protease inhibitor,SENP2,0.9958,1.0,0.0043,0.22484
alfacalcidol,0.10425055027008057,0.10425055027008057,0.0944700837135315,0.11403101682662964,0.009780466556549072,2,2,0.0,Vitamin D receptor agonist,VDR,0.9549,1.0,0.0451,0.5620999999999999
itraconazole,0.10646384954452515,0.0668648362159729,-0.09601494669914246,0.13390487432479858,0.08425886715028953,5,5,0.2,,,0.9878,1.0,0.0122,0.29686666666666667
rimexolone,0.10888470709323883,0.10888470709323883,0.07306462526321411,0.14470478892326355,0.03582008183002472,2,2,0.0,Glucocorticoid receptor agonist,NR3C1,0.9623,1.0,0.0378,0.5220486486486486
oligomycin-a,0.11185365915298462,0.10701910489135319,0.054088905453681946,0.15062585473060608,0.029648301353202625,9,9,0.0,ATPase inhibitor,ATP5F1A,0.9991,1.0,0.0009,0.09197999999999999
bimatoprost,0.11186879873275757,0.0800877720117569,-0.06395068764686584,0.16290739178657532,0.08665593144570763,5,5,0.2,Prostanoid receptor agonist,PTGFR,0.9925,1.0,0.0077,0.24591875000000002
CPCCOEt,0.11187797784805298,0.11187797784805298,0.11187797784805298,0.11187797784805298,0.0,1,1,0.0,Glutamate receptor antagonist,GRM1,0.9038,1.0,0.0965,0.6846
ethisterone,0.11397348344326019,0.11397348344326019,0.07994937896728516,0.14799758791923523,0.03402410447597504,2,2,0.0,,,0.9708,1.0,0.0292,0.45215757575757576
epitiostanol,0.11465127766132355,0.11465127766132355,0.08167710900306702,0.14762544631958008,0.03297416865825653,2,2,0.0,Androgen receptor agonist,AR,0.9718,1.0,0.0282,0.45215757575757576
YM-155,0.11851805448532104,0.1275462822781669,0.07624417543411255,0.20520919561386108,0.041970577506898525,9,9,0.0,Survivin inhibitor,BIRC5,0.9997,1.0,0.0003,0.038325
PAC-1,0.12476693093776703,0.13223714753985405,0.09696315228939056,0.1766480803489685,0.029588004576657265,8,8,0.0,Caspase activator,CASP3,0.9997,1.0,0.0003,0.038325
HA-14-1,0.12669360637664795,0.12669360637664795,0.12169307470321655,0.13169413805007935,0.0050005316734313965,2,2,0.0,BCL inhibitor,BCL2,0.985,1.0,0.015,0.31541034482758623
ketoconazole,0.12982389330863953,0.10184005541460854,-0.04878431558609009,0.23101237416267395,0.1004473285941287,7,7,0.2857142857142857,Sterol demethylase inhibitor,CYP19A1,1.0,1.0,0.0001,0.02555
clofarabine,0.13255435228347778,0.11271102560891046,-0.040669023990631104,0.17029258608818054,0.059596407720869535,9,9,0.1111111111111111,Ribonucleoside reductase inhibitor,POLA1,1.0,1.0,0.0001,0.02555
nitrofural,0.136047825217247,0.136047825217247,0.117462158203125,0.15463349223136902,0.01858566701412201,2,2,0.0,,,0.9924,1.0,0.0076,0.24591875000000002
asiatic-acid,0.1466362476348877,0.1466362476348877,0.07897365093231201,0.21429884433746338,0.06766259670257568,2,2,0.0,,,0.9965,1.0,0.0035,0.2235625
colchicine,0.18211129307746887,0.18211129307746887,0.18211129307746887,0.18211129307746887,0.0,1,1,0.0,Microtubule inhibitor,TUBB,0.9958,1.0,0.0044,0.22484
